,,,,,,,
0.00077,0,0,0,0,0,0,5e-16
0.00076866,1.9998e-15,5.8642e-17,4.0151e-15,8.1059e-19,7.8276e-18,1.1954e-13,4.1529e-16
0.00076889,2.758e-14,1.4106e-15,7.379e-14,1.2952e-17,2.6987e-17,1.1605e-12,3.4684e-16
0.00076903,1.1352e-13,9.2435e-15,3.6905e-13,7.8867e-17,2.0595e-16,3.0177e-12,2.9173e-16
0.00076913,2.706e-13,3.1358e-14,1.0532e-12,2.5213e-16,8.168e-16,5.251e-12,2.4759e-16
0.00076919,4.9752e-13,7.4846e-14,2.2206e-12,5.6613e-16,2.0667e-15,7.7787e-12,2.1292e-16
0.00076924,8.0257e-13,1.4838e-13,4.0078e-12,1.0584e-15,4.1184e-15,1.0668e-11,1.8498e-16
0.00076928,1.2167e-12,2.6855e-13,6.7493e-12,1.809e-15,7.3556e-15,1.4139e-11,1.6135e-16
0.00076931,1.7007e-12,4.3171e-13,1.0347e-11,2.769e-15,1.1747e-14,1.7821e-11,1.4349e-16
0.00076934,2.3145e-12,6.6648e-13,1.543e-11,4.0814e-15,1.8335e-14,2.2121e-11,1.2842e-16
0.00076937,3.069e-12,9.9016e-13,2.235e-11,5.8095e-15,2.8145e-14,2.7022e-11,1.1599e-16
0.00076939,3.9162e-12,1.3923e-12,3.0876e-11,7.8771e-15,4.1694e-14,3.218e-11,1.0642e-16
0.00076941,4.892e-12,1.8989e-12,4.1569e-11,1.0401e-14,6.1128e-14,3.7796e-11,9.8671e-17
0.00076942,6.0022e-12,2.5247e-12,5.4778e-11,1.3435e-14,8.9074e-14,4.3872e-11,9.2396e-17
0.00076944,7.2525e-12,3.2855e-12,7.0885e-11,1.7038e-14,1.2952e-13,5.0409e-11,8.731e-17
0.00076945,8.648e-12,4.1974e-12,9.0308e-11,2.1268e-14,1.8849e-13,5.741e-11,8.3182e-17
0.00076947,1.0194e-11,5.277e-12,1.135e-10,2.6201e-14,2.7499e-13,6.4877e-11,7.9828e-17
0.00076948,1.1894e-11,6.5417e-12,1.4097e-10,3.1917e-14,4.0244e-13,7.2819e-11,7.7097e-17
0.00076949,1.3754e-11,8.0091e-12,1.7327e-10,3.8522e-14,5.9064e-13,8.1246e-11,7.4871e-17
0.0007695,1.5779e-11,9.6974e-12,2.11e-10,4.6143e-14,8.6865e-13,9.0174e-11,7.3051e-17
0.00076951,1.7973e-11,1.1625e-11,2.5484e-10,5.4942e-14,1.2788e-12,9.9623e-11,7.156e-17
0.00076951,2.0344e-11,1.3813e-11,3.0556e-10,6.5152e-14,1.8821e-12,1.0962e-10,7.0333e-17
0.00076952,2.2897e-11,1.6279e-11,3.6401e-10,7.7076e-14,2.7661e-12,1.202e-10,6.932e-17
0.00076953,2.5641e-11,1.9046e-11,4.3115e-10,9.1134e-14,4.0552e-12,1.314e-10,6.848e-17
0.00076953,2.8586e-11,2.2134e-11,5.0809e-10,1.0791e-13,5.9249e-12,1.4327e-10,6.7779e-17
0.00076954,3.1741e-11,2.5568e-11,5.9609e-10,1.282e-13,8.6208e-12,1.5588e-10,6.7191e-17
0.00076955,3.512e-11,2.9371e-11,6.9659e-10,1.5313e-13,1.2484e-11,1.6928e-10,6.6693e-17
0.00076955,3.8738e-11,3.3568e-11,8.1128e-10,1.8422e-13,1.7987e-11,1.8356e-10,6.6268e-17
0.00076955,4.2611e-11,3.8188e-11,9.4212e-10,2.2359e-13,2.5774e-11,1.9881e-10,6.5902e-17
0.00076956,4.6759e-11,4.3259e-11,1.0914e-09,2.7411e-13,3.6727e-11,2.1514e-10,6.5584e-17
0.00076956,5.1205e-11,4.8813e-11,1.2619e-09,3.3973e-13,5.2038e-11,2.3266e-10,6.5304e-17
0.00076957,5.5975e-11,5.4884e-11,1.4569e-09,4.2577e-13,7.3314e-11,2.5152e-10,6.5054e-17
0.00076957,6.1099e-11,6.1509e-11,1.6802e-09,5.3945e-13,1.0271e-10,2.7186e-10,6.4829e-17
0.00076957,6.6611e-11,6.8728e-11,1.9367e-09,6.9043e-13,1.4308e-10,2.9386e-10,6.4623e-17
0.00076958,7.2551e-11,7.6586e-11,2.232e-09,8.9166e-13,1.9826e-10,3.1773e-10,6.4433e-17
0.00076958,7.8964e-11,8.5129e-11,2.5731e-09,1.1604e-12,2.7327e-10,3.4368e-10,6.4255e-17
0.00076958,8.59e-11,9.4413e-11,2.9688e-09,1.5194e-12,3.7474e-10,3.7197e-10,6.4087e-17
0.00076958,9.3418e-11,1.0449e-10,3.4298e-09,1.999e-12,5.1137e-10,4.0288e-10,6.3926e-17
0.00076958,1.0158e-10,1.1544e-10,3.9694e-09,2.6388e-12,6.9456e-10,4.3674e-10,6.377e-17
0.00076959,1.1048e-10,1.2732e-10,4.6042e-09,3.4908e-12,9.3915e-10,4.7391e-10,6.3619e-17
0.00076959,1.2019e-10,1.4022e-10,5.355e-09,4.6231e-12,1.2645e-09,5.148e-10,6.347e-17
0.00076959,1.3083e-10,1.5422e-10,6.248e-09,6.1242e-12,1.6957e-09,5.5988e-10,6.3322e-17
0.00076959,1.4252e-10,1.6943e-10,7.3164e-09,8.109e-12,2.2654e-09,6.0966e-10,6.3176e-17
0.00076959,1.5543e-10,1.8598e-10,8.6021e-09,1.0726e-11,3.0162e-09,6.6475e-10,6.3029e-17
0.00076959,1.6977e-10,2.0398e-10,1.0158e-08,1.4168e-11,4.0032e-09,7.2582e-10,6.2881e-17
0.00076959,1.8582e-10,2.236e-10,1.2054e-08,1.8684e-11,5.2987e-09,7.9365e-10,6.2731e-17
0.00076959,2.0397e-10,2.4504e-10,1.4377e-08,2.4592e-11,6.9982e-09,8.6914e-10,6.2579e-17
0.00076959,2.2483e-10,2.6854e-10,1.7241e-08,3.2308e-11,9.2286e-09,9.5335e-10,6.2423e-17
0.00076958,2.493e-10,2.944e-10,2.0798e-08,4.2368e-11,1.2163e-08,1.0476e-09,6.2264e-17
0.00076958,2.7891e-10,3.2306e-10,2.5249e-08,5.5477e-11,1.6042e-08,1.1533e-09,6.21e-17
0.00076957,3.1631e-10,3.5514e-10,3.0874e-08,7.257e-11,2.1216e-08,1.2727e-09,6.1932e-17
0.00076956,3.6653e-10,3.9164e-10,3.807e-08,9.4921e-11,2.8228e-08,1.4083e-09,6.1757e-17
0.00076955,4.4011e-10,4.3426e-10,4.7442e-08,1.2433e-10,3.7979e-08,1.5641e-09,6.1575e-17
0.00076953,5.6277e-10,4.8636e-10,5.9997e-08,1.6348e-10,5.2171e-08,1.7463e-09,6.1385e-17
0.00076951,8.1453e-10,5.559e-10,7.7686e-08,2.1676e-10,7.4614e-08,1.966e-09,6.1186e-17
0.00076945,1.5819e-09,6.6899e-10,1.0551e-07,2.9212e-10,1.1662e-07,2.2482e-09,6.0975e-17
0.00076931,7.5024e-09,9.9968e-10,1.6724e-07,4.0549e-10,2.3184e-07,2.6822e-09,6.0752e-17
0.00076866,1.3804e-07,5.2038e-09,5.0953e-07,5.766e-10,6.8097e-07,4.1359e-09,6.0514e-17
0.00076604,1.6705e-06,7.0152e-08,1.6219e-06,8.1123e-10,1.658e-06,1.2697e-08,6.0203e-17
0.00075928,8.2279e-06,5.1923e-07,3.4365e-06,1.1406e-09,2.556e-06,4.4938e-08,5.9379e-17
0.00074891,1.8887e-05,1.8709e-06,5.7591e-06,1.6004e-09,3.0363e-06,1.3848e-07,5.5804e-17
0.00073675,3.0137e-05,4.277e-06,8.1483e-06,2.2006e-09,3.2965e-06,3.4948e-07,4.9074e-17
0.0007233,4.1279e-05,7.685e-06,9.8934e-06,2.8987e-09,3.5884e-06,7.2988e-07,4.1422e-17
0.00070782,5.4502e-05,1.2128e-05,1.0653e-05,3.6196e-09,3.5835e-06,1.321e-06,3.3192e-17
0.00069314,6.5797e-05,1.7702e-05,1.0747e-05,4.3602e-09,3.1916e-06,2.1225e-06,2.3583e-17
0.00068059,7.1489e-05,2.3817e-05,1.0812e-05,5.0707e-09,2.9637e-06,3.0892e-06,1.5782e-17
0.00066927,7.5431e-05,3.0144e-05,1.0877e-05,5.738e-09,2.7975e-06,4.1274e-06,1.2316e-17
0.00065893,7.8428e-05,3.6581e-05,1.093e-05,6.3664e-09,2.6659e-06,5.1473e-06,1.0659e-17
0.00064939,8.0747e-05,4.3066e-05,1.0969e-05,6.9601e-09,2.5603e-06,6.0983e-06,9.6157e-18
0.00064053,8.2528e-05,4.9552e-05,1.0988e-05,7.5233e-09,2.4747e-06,6.9739e-06,8.8451e-18
0.00063223,8.3873e-05,5.6004e-05,1.0986e-05,8.0599e-09,2.404e-06,7.7802e-06,8.2588e-18
0.00062439,8.4869e-05,6.2397e-05,1.0964e-05,8.5733e-09,2.3443e-06,8.5242e-06,7.8079e-18
0.00061695,8.5582e-05,6.8713e-05,1.0925e-05,9.0661e-09,2.293e-06,9.2118e-06,7.4475e-18
0.00060986,8.6067e-05,7.4938e-05,1.0872e-05,9.5403e-09,2.2484e-06,9.8488e-06,7.1432e-18
0.00060309,8.6367e-05,8.1064e-05,1.0811e-05,9.9977e-09,2.2091e-06,1.044e-05,6.8735e-18
0.0005966,8.6516e-05,8.7083e-05,1.0744e-05,1.044e-08,2.1743e-06,1.0991e-05,6.6269e-18
0.00059036,8.6544e-05,9.2993e-05,1.0676e-05,1.0867e-08,2.1432e-06,1.1504e-05,6.3973e-18
0.00058435,8.6472e-05,9.8792e-05,1.0607e-05,1.1282e-08,2.1153e-06,1.1982e-05,6.1812e-18
0.00057854,8.632e-05,0.00010448,1.0537e-05,1.1684e-08,2.09e-06,1.2429e-05,5.9763e-18
0.00057293,8.6102e-05,0.00011006,1.0468e-05,1.2074e-08,2.067e-06,1.2848e-05,5.781e-18
0.00056748,8.5831e-05,0.00011553,1.0399e-05,1.2454e-08,2.046e-06,1.3239e-05,5.594e-18
0.00056219,8.5518e-05,0.0001209,1.033e-05,1.2824e-08,2.0266e-06,1.3606e-05,5.4146e-18
0.00055705,8.517e-05,0.00012617,1.0262e-05,1.3184e-08,2.0088e-06,1.395e-05,5.2422e-18
0.00055204,8.4795e-05,0.00013134,1.0193e-05,1.3536e-08,1.9923e-06,1.4273e-05,5.0762e-18
0.00054716,8.4398e-05,0.00013642,1.0125e-05,1.3878e-08,1.9769e-06,1.4576e-05,4.9163e-18
0.00054239,8.3984e-05,0.00014141,1.0056e-05,1.4213e-08,1.9625e-06,1.4861e-05,4.7621e-18
0.00053773,8.3556e-05,0.00014631,9.9877e-06,1.4541e-08,1.949e-06,1.5128e-05,4.6132e-18
0.00053316,8.3118e-05,0.00015113,9.919e-06,1.4861e-08,1.9364e-06,1.538e-05,4.4694e-18
0.00052869,8.2672e-05,0.00015587,9.8502e-06,1.5174e-08,1.9244e-06,1.5616e-05,4.3305e-18
0.00052431,8.2221e-05,0.00016054,9.7812e-06,1.548e-08,1.9131e-06,1.5838e-05,4.1963e-18
0.00052,8.1765e-05,0.00016514,9.7119e-06,1.5781e-08,1.9024e-06,1.6047e-05,4.0664e-18
0.00051577,8.1307e-05,0.00016966,9.6425e-06,1.6075e-08,1.8922e-06,1.6243e-05,3.9409e-18
0.00051161,8.0848e-05,0.00017413,9.5727e-06,1.6364e-08,1.8825e-06,1.6427e-05,3.8194e-18
0.00050752,8.0388e-05,0.00017853,9.5027e-06,1.6647e-08,1.8732e-06,1.66e-05,3.7018e-18
0.00050349,7.9928e-05,0.00018288,9.4324e-06,1.6925e-08,1.8643e-06,1.6763e-05,3.5881e-18
0.00049952,7.9469e-05,0.00018716,9.3618e-06,1.7198e-08,1.8557e-06,1.6916e-05,3.4779e-18
0.0004956,7.9011e-05,0.0001914,9.2909e-06,1.7465e-08,1.8474e-06,1.7059e-05,3.3713e-18
0.00049174,7.8554e-05,0.00019558,9.2197e-06,1.7728e-08,1.8395e-06,1.7193e-05,3.2681e-18
0.00048793,7.8099e-05,0.00019972,9.1482e-06,1.7987e-08,1.8318e-06,1.7319e-05,3.1681e-18
0.00048416,7.7647e-05,0.00020381,9.0763e-06,1.8241e-08,1.8243e-06,1.7436e-05,3.0712e-18
0.00048044,7.7196e-05,0.00020785,9.0042e-06,1.849e-08,1.8171e-06,1.7546e-05,2.9775e-18
0.00047677,7.6748e-05,0.00021185,8.9317e-06,1.8735e-08,1.81e-06,1.7649e-05,2.8866e-18
0.00047313,7.6302e-05,0.00021581,8.8589e-06,1.8977e-08,1.8031e-06,1.7744e-05,2.7986e-18
0.00046954,7.5858e-05,0.00021973,8.7858e-06,1.9214e-08,1.7964e-06,1.7833e-05,2.7133e-18
0.00046599,7.5417e-05,0.00022361,8.7125e-06,1.9447e-08,1.7899e-06,1.7915e-05,2.6307e-18
0.00046247,7.4977e-05,0.00022745,8.6388e-06,1.9677e-08,1.7835e-06,1.7992e-05,2.5507e-18
0.00045899,7.4541e-05,0.00023126,8.5649e-06,1.9902e-08,1.7772e-06,1.8062e-05,2.4731e-18
0.00045554,7.4106e-05,0.00023503,8.4907e-06,2.0124e-08,1.771e-06,1.8127e-05,2.398e-18
0.00045213,7.3674e-05,0.00023877,8.4163e-06,2.0343e-08,1.765e-06,1.8186e-05,2.3252e-18
0.00044874,7.3243e-05,0.00024248,8.3416e-06,2.0558e-08,1.759e-06,1.8241e-05,2.2546e-18
0.00044539,7.2815e-05,0.00024615,8.2667e-06,2.0769e-08,1.7531e-06,1.829e-05,2.1862e-18
0.00044207,7.2389e-05,0.00024979,8.1917e-06,2.0977e-08,1.7473e-06,1.8335e-05,2.1199e-18
0.00043879,7.1965e-05,0.00025341,8.1164e-06,2.1182e-08,1.7416e-06,1.8375e-05,2.0557e-18
0.00043552,7.1543e-05,0.00025699,8.041e-06,2.1383e-08,1.7359e-06,1.841e-05,1.9934e-18
0.00043229,7.1123e-05,0.00026054,7.9654e-06,2.1582e-08,1.7304e-06,1.8442e-05,1.9331e-18
0.00042909,7.0704e-05,0.00026407,7.8898e-06,2.1777e-08,1.7248e-06,1.8469e-05,1.8746e-18
0.00042591,7.0288e-05,0.00026756,7.814e-06,2.1968e-08,1.7194e-06,1.8492e-05,1.8179e-18
0.00042276,6.9873e-05,0.00027103,7.7381e-06,2.2157e-08,1.7139e-06,1.8511e-05,1.763e-18
0.00041964,6.946e-05,0.00027448,7.6622e-06,2.2343e-08,1.7085e-06,1.8527e-05,1.7097e-18
0.00041654,6.9049e-05,0.00027789,7.5862e-06,2.2525e-08,1.7032e-06,1.8539e-05,1.6581e-18
0.00041347,6.8639e-05,0.00028128,7.5102e-06,2.2705e-08,1.6979e-06,1.8548e-05,1.6081e-18
0.00041042,6.8231e-05,0.00028465,7.4342e-06,2.2882e-08,1.6926e-06,1.8554e-05,1.5596e-18
0.0004074,6.7825e-05,0.00028799,7.3582e-06,2.3056e-08,1.6874e-06,1.8556e-05,1.5126e-18
0.0004044,6.742e-05,0.0002913,7.2822e-06,2.3226e-08,1.6822e-06,1.8555e-05,1.467e-18
0.00040143,6.7017e-05,0.00029459,7.2063e-06,2.3395e-08,1.6771e-06,1.8551e-05,1.4228e-18
0.00039848,6.6615e-05,0.00029786,7.1305e-06,2.356e-08,1.6719e-06,1.8545e-05,1.38e-18
0.00039555,6.6215e-05,0.0003011,7.0547e-06,2.3722e-08,1.6668e-06,1.8535e-05,1.3385e-18
0.00039265,6.5816e-05,0.00030431,6.9791e-06,2.3882e-08,1.6617e-06,1.8523e-05,1.2982e-18
0.00038977,6.5419e-05,0.00030751,6.9037e-06,2.4039e-08,1.6567e-06,1.8509e-05,1.2592e-18
0.00038691,6.5024e-05,0.00031068,6.8284e-06,2.4194e-08,1.6516e-06,1.8491e-05,1.2214e-18
0.00038408,6.4629e-05,0.00031382,6.7532e-06,2.4346e-08,1.6466e-06,1.8472e-05,1.1847e-18
0.00038126,6.4237e-05,0.00031695,6.6783e-06,2.4495e-08,1.6416e-06,1.845e-05,1.1492e-18
0.00037847,6.3846e-05,0.00032005,6.6035e-06,2.4641e-08,1.6366e-06,1.8426e-05,1.1147e-18
0.0003757,6.3456e-05,0.00032313,6.529e-06,2.4786e-08,1.6316e-06,1.8399e-05,1.0813e-18
0.00037296,6.3068e-05,0.00032618,6.4548e-06,2.4927e-08,1.6267e-06,1.8371e-05,1.0489e-18
0.00037023,6.2681e-05,0.00032922,6.3808e-06,2.5066e-08,1.6218e-06,1.834e-05,1.0176e-18
0.00036753,6.2295e-05,0.00033223,6.3071e-06,2.5203e-08,1.6168e-06,1.8308e-05,9.8712e-19
0.00036484,6.1912e-05,0.00033522,6.2337e-06,2.5338e-08,1.6119e-06,1.8273e-05,9.5762e-19
0.00036218,6.1529e-05,0.00033818,6.1606e-06,2.547e-08,1.6071e-06,1.8237e-05,9.2901e-19
0.00035954,6.1148e-05,0.00034113,6.0879e-06,2.5599e-08,1.6022e-06,1.8199e-05,9.0128e-19
0.00035692,6.0769e-05,0.00034405,6.0155e-06,2.5727e-08,1.5973e-06,1.816e-05,8.744e-19
0.00035431,6.0391e-05,0.00034696,5.9435e-06,2.5852e-08,1.5925e-06,1.8119e-05,8.4834e-19
0.00035173,6.0015e-05,0.00034984,5.8718e-06,2.5975e-08,1.5876e-06,1.8076e-05,8.2307e-19
0.00034917,5.964e-05,0.0003527,5.8005e-06,2.6096e-08,1.5828e-06,1.8032e-05,7.9857e-19
0.00034663,5.9267e-05,0.00035554,5.7297e-06,2.6215e-08,1.578e-06,1.7986e-05,7.7482e-19
0.00034411,5.8895e-05,0.00035836,5.6592e-06,2.6331e-08,1.5732e-06,1.7939e-05,7.518e-19
0.00034161,5.8525e-05,0.00036115,5.5892e-06,2.6446e-08,1.5685e-06,1.789e-05,7.2948e-19
0.00033913,5.8156e-05,0.00036393,5.5196e-06,2.6558e-08,1.5637e-06,1.7841e-05,7.0784e-19
0.00033667,5.7789e-05,0.00036669,5.4504e-06,2.6668e-08,1.5589e-06,1.779e-05,6.8685e-19
0.00033423,5.7423e-05,0.00036942,5.3817e-06,2.6777e-08,1.5542e-06,1.7738e-05,6.6651e-19
0.0003318,5.7059e-05,0.00037214,5.3135e-06,2.6884e-08,1.5495e-06,1.7685e-05,6.4679e-19
0.0003294,5.6696e-05,0.00037484,5.2458e-06,2.6988e-08,1.5448e-06,1.763e-05,6.2767e-19
0.00032701,5.6336e-05,0.00037751,5.1786e-06,2.7091e-08,1.5401e-06,1.7575e-05,6.0914e-19
0.00032465,5.5976e-05,0.00038017,5.1118e-06,2.7192e-08,1.5354e-06,1.7519e-05,5.9117e-19
0.0003223,5.5619e-05,0.0003828,5.0456e-06,2.7291e-08,1.5307e-06,1.7461e-05,5.7375e-19
0.00031997,5.5262e-05,0.00038542,4.9798e-06,2.7389e-08,1.526e-06,1.7403e-05,5.5685e-19
0.00031766,5.4908e-05,0.00038802,4.9146e-06,2.7484e-08,1.5214e-06,1.7344e-05,5.4048e-19
0.00031537,5.4555e-05,0.00039059,4.85e-06,2.7578e-08,1.5167e-06,1.7284e-05,5.246e-19
0.00031309,5.4204e-05,0.00039315,4.7858e-06,2.7671e-08,1.5121e-06,1.7224e-05,5.0921e-19
0.00031083,5.3854e-05,0.00039569,4.7222e-06,2.7761e-08,1.5075e-06,1.7162e-05,4.9429e-19
0.0003086,5.3506e-05,0.00039821,4.6591e-06,2.7851e-08,1.5029e-06,1.71e-05,4.7982e-19
0.00030637,5.316e-05,0.00040071,4.5966e-06,2.7938e-08,1.4983e-06,1.7038e-05,4.6579e-19
0.00030417,5.2816e-05,0.00040319,4.5347e-06,2.8024e-08,1.4937e-06,1.6974e-05,4.5219e-19
0.00030198,5.2473e-05,0.00040565,4.4733e-06,2.8109e-08,1.4892e-06,1.691e-05,4.3901e-19
0.00029982,5.2131e-05,0.0004081,4.4124e-06,2.8192e-08,1.4846e-06,1.6846e-05,4.2622e-19
0.00029766,5.1792e-05,0.00041052,4.3522e-06,2.8274e-08,1.4801e-06,1.6781e-05,4.1383e-19
0.00029553,5.1454e-05,0.00041293,4.2925e-06,2.8354e-08,1.4756e-06,1.6715e-05,4.0182e-19
0.00029341,5.1118e-05,0.00041532,4.2333e-06,2.8433e-08,1.4711e-06,1.6649e-05,3.9017e-19
0.00029131,5.0783e-05,0.00041769,4.1748e-06,2.8511e-08,1.4666e-06,1.6582e-05,3.7887e-19
0.00028923,5.045e-05,0.00042004,4.1168e-06,2.8588e-08,1.4621e-06,1.6515e-05,3.6792e-19
0.00028716,5.0119e-05,0.00042238,4.0594e-06,2.8663e-08,1.4576e-06,1.6448e-05,3.5731e-19
0.00028511,4.979e-05,0.0004247,4.0026e-06,2.8737e-08,1.4532e-06,1.638e-05,3.4702e-19
0.00028307,4.9462e-05,0.00042699,3.9463e-06,2.8809e-08,1.4488e-06,1.6312e-05,3.3704e-19
0.00028106,4.9136e-05,0.00042928,3.8907e-06,2.8881e-08,1.4443e-06,1.6244e-05,3.2736e-19
0.00027905,4.8812e-05,0.00043154,3.8356e-06,2.8951e-08,1.4399e-06,1.6175e-05,3.1798e-19
0.00027707,4.8489e-05,0.00043379,3.7811e-06,2.9021e-08,1.4355e-06,1.6107e-05,3.0889e-19
0.0002751,4.8168e-05,0.00043602,3.7272e-06,2.9089e-08,1.4311e-06,1.6037e-05,3.0007e-19
0.00027314,4.7849e-05,0.00043823,3.6739e-06,2.9156e-08,1.4268e-06,1.5968e-05,2.9153e-19
0.0002712,4.7532e-05,0.00044043,3.6211e-06,2.9222e-08,1.4224e-06,1.5898e-05,2.8324e-19
0.00026928,4.7216e-05,0.0004426,3.5689e-06,2.9288e-08,1.4181e-06,1.5829e-05,2.7521e-19
0.00026737,4.6902e-05,0.00044477,3.5174e-06,2.9352e-08,1.4138e-06,1.5759e-05,2.6742e-19
0.00026548,4.659e-05,0.00044691,3.4663e-06,2.9415e-08,1.4095e-06,1.5689e-05,2.5987e-19
0.0002636,4.6279e-05,0.00044904,3.4159e-06,2.9478e-08,1.4052e-06,1.5618e-05,2.5254e-19
0.00026173,4.597e-05,0.00045115,3.3661e-06,2.9539e-08,1.4009e-06,1.5548e-05,2.4545e-19
0.00025989,4.5663e-05,0.00045325,3.3168e-06,2.96e-08,1.3966e-06,1.5478e-05,2.3856e-19
0.00025805,4.5358e-05,0.00045533,3.2681e-06,2.9659e-08,1.3924e-06,1.5407e-05,2.3189e-19
0.00025623,4.5054e-05,0.00045739,3.2199e-06,2.9718e-08,1.3881e-06,1.5337e-05,2.2542e-19
0.00025443,4.4752e-05,0.00045944,3.1723e-06,2.9776e-08,1.3839e-06,1.5266e-05,2.1915e-19
0.00025264,4.4452e-05,0.00046147,3.1253e-06,2.9834e-08,1.3797e-06,1.5196e-05,2.1307e-19
0.00025086,4.4154e-05,0.00046349,3.0789e-06,2.989e-08,1.3755e-06,1.5125e-05,2.0718e-19
0.0002491,4.3857e-05,0.00046549,3.033e-06,2.9946e-08,1.3714e-06,1.5055e-05,2.0146e-19
0.00024735,4.3562e-05,0.00046747,2.9877e-06,3.0001e-08,1.3672e-06,1.4984e-05,1.9592e-19
0.00024562,4.3268e-05,0.00046944,2.9429e-06,3.0056e-08,1.3631e-06,1.4913e-05,1.9055e-19
0.0002439,4.2977e-05,0.0004714,2.8987e-06,3.011e-08,1.3589e-06,1.4843e-05,1.8534e-19
0.0002422,4.2687e-05,0.00047334,2.855e-06,3.0163e-08,1.3548e-06,1.4772e-05,1.8029e-19
0.0002405,4.2398e-05,0.00047526,2.8118e-06,3.0215e-08,1.3507e-06,1.4702e-05,1.754e-19
0.00023883,4.2112e-05,0.00047717,2.7693e-06,3.0267e-08,1.3467e-06,1.4632e-05,1.7065e-19
0.00023716,4.1827e-05,0.00047906,2.7272e-06,3.0319e-08,1.3426e-06,1.4562e-05,1.6605e-19
0.00023551,4.1544e-05,0.00048094,2.6857e-06,3.0369e-08,1.3385e-06,1.4491e-05,1.6159e-19
0.00023387,4.1262e-05,0.00048281,2.6447e-06,3.042e-08,1.3345e-06,1.4422e-05,1.5726e-19
0.00023224,4.0982e-05,0.00048466,2.6042e-06,3.0469e-08,1.3305e-06,1.4352e-05,1.5307e-19
0.00023063,4.0704e-05,0.00048649,2.5643e-06,3.0519e-08,1.3265e-06,1.4282e-05,1.4901e-19
0.00022903,4.0428e-05,0.00048831,2.5248e-06,3.0567e-08,1.3225e-06,1.4212e-05,1.4507e-19
0.00022745,4.0153e-05,0.00049012,2.4859e-06,3.0615e-08,1.3185e-06,1.4143e-05,1.4124e-19
0.00022587,3.9879e-05,0.00049192,2.4475e-06,3.0663e-08,1.3146e-06,1.4074e-05,1.3754e-19
0.00022431,3.9608e-05,0.00049369,2.4096e-06,3.071e-08,1.3107e-06,1.4004e-05,1.3395e-19
0.00022276,3.9338e-05,0.00049546,2.3722e-06,3.0757e-08,1.3067e-06,1.3935e-05,1.3047e-19
0.00022122,3.907e-05,0.00049721,2.3353e-06,3.0803e-08,1.3028e-06,1.3867e-05,1.2709e-19
0.0002197,3.8803e-05,0.00049895,2.2989e-06,3.0849e-08,1.299e-06,1.3798e-05,1.2382e-19
0.00021819,3.8538e-05,0.00050067,2.263e-06,3.0895e-08,1.2951e-06,1.373e-05,1.2064e-19
0.00021669,3.8275e-05,0.00050238,2.2275e-06,3.094e-08,1.2912e-06,1.3661e-05,1.1757e-19
0.0002152,3.8013e-05,0.00050408,2.1926e-06,3.0985e-08,1.2874e-06,1.3593e-05,1.1459e-19
0.00021372,3.7753e-05,0.00050577,2.1581e-06,3.1029e-08,1.2836e-06,1.3526e-05,1.1169e-19
0.00021226,3.7495e-05,0.00050744,2.1241e-06,3.1074e-08,1.2798e-06,1.3458e-05,1.0889e-19
0.0002108,3.7238e-05,0.0005091,2.0905e-06,3.1117e-08,1.276e-06,1.3391e-05,1.0617e-19
0.00020936,3.6982e-05,0.00051074,2.0575e-06,3.1161e-08,1.2722e-06,1.3324e-05,1.0354e-19
0.00020793,3.6729e-05,0.00051237,2.0248e-06,3.1204e-08,1.2684e-06,1.3257e-05,1.0098e-19
0.00020651,3.6477e-05,0.00051399,1.9926e-06,3.1247e-08,1.2647e-06,1.319e-05,9.8508e-20
0.00020511,3.6226e-05,0.0005156,1.9609e-06,3.1289e-08,1.261e-06,1.3124e-05,9.6107e-20
0.00020371,3.5977e-05,0.00051719,1.9296e-06,3.1331e-08,1.2573e-06,1.3058e-05,9.378e-20
0.00020232,3.573e-05,0.00051878,1.8988e-06,3.1373e-08,1.2536e-06,1.2992e-05,9.1523e-20
0.00020095,3.5484e-05,0.00052035,1.8684e-06,3.1415e-08,1.2499e-06,1.2926e-05,8.9335e-20
0.00019959,3.5239e-05,0.0005219,1.8384e-06,3.1456e-08,1.2462e-06,1.2861e-05,8.7214e-20
0.00019823,3.4997e-05,0.00052345,1.8088e-06,3.1498e-08,1.2426e-06,1.2796e-05,8.5158e-20
0.00019689,3.4755e-05,0.00052498,1.7797e-06,3.1539e-08,1.239e-06,1.2731e-05,8.3165e-20
0.00019556,3.4516e-05,0.0005265,1.751e-06,3.1579e-08,1.2354e-06,1.2666e-05,8.1232e-20
0.00019424,3.4278e-05,0.00052801,1.7227e-06,3.162e-08,1.2318e-06,1.2602e-05,7.9358e-20
0.00019293,3.4041e-05,0.00052951,1.6948e-06,3.166e-08,1.2282e-06,1.2538e-05,7.7542e-20
0.00019163,3.3806e-05,0.00053099,1.6673e-06,3.17e-08,1.2246e-06,1.2474e-05,7.5781e-20
0.00019034,3.3572e-05,0.00053247,1.6402e-06,3.174e-08,1.2211e-06,1.241e-05,7.4074e-20
0.00018906,3.334e-05,0.00053393,1.6135e-06,3.178e-08,1.2176e-06,1.2347e-05,7.2419e-20
0.00018779,3.3109e-05,0.00053538,1.5872e-06,3.1819e-08,1.2141e-06,1.2284e-05,7.0814e-20
0.00018654,3.288e-05,0.00053682,1.5612e-06,3.1859e-08,1.2106e-06,1.2222e-05,6.9258e-20
0.00018529,3.2652e-05,0.00053825,1.5357e-06,3.1898e-08,1.2071e-06,1.2159e-05,6.775e-20
0.00018405,3.2426e-05,0.00053967,1.5105e-06,3.1937e-08,1.2036e-06,1.2097e-05,6.6288e-20
0.00018282,3.2201e-05,0.00054108,1.4857e-06,3.1976e-08,1.2002e-06,1.2035e-05,6.4871e-20
0.0001816,3.1978e-05,0.00054247,1.4612e-06,3.2014e-08,1.1968e-06,1.1974e-05,6.3497e-20
0.00018039,3.1756e-05,0.00054385,1.4371e-06,3.2053e-08,1.1934e-06,1.1913e-05,6.2165e-20
0.00017919,3.1536e-05,0.00054523,1.4134e-06,3.2091e-08,1.19e-06,1.1852e-05,6.0873e-20
0.000178,3.1317e-05,0.00054659,1.3901e-06,3.2129e-08,1.1866e-06,1.1791e-05,5.9621e-20
0.00017682,3.1099e-05,0.00054794,1.367e-06,3.2168e-08,1.1832e-06,1.1731e-05,5.8408e-20
0.00017564,3.0883e-05,0.00054929,1.3444e-06,3.2206e-08,1.1799e-06,1.1671e-05,5.7231e-20
0.00017448,3.0668e-05,0.00055062,1.322e-06,3.2243e-08,1.1766e-06,1.1611e-05,5.6091e-20
0.00017333,3.0455e-05,0.00055194,1.3e-06,3.2281e-08,1.1732e-06,1.1552e-05,5.4985e-20
0.00017218,3.0242e-05,0.00055325,1.2784e-06,3.2319e-08,1.17e-06,1.1492e-05,5.3913e-20
0.00017105,3.0032e-05,0.00055455,1.257e-06,3.2356e-08,1.1667e-06,1.1434e-05,5.2874e-20
0.00016992,2.9823e-05,0.00055584,1.236e-06,3.2394e-08,1.1634e-06,1.1375e-05,5.1866e-20
0.0001688,2.9615e-05,0.00055712,1.2153e-06,3.2431e-08,1.1602e-06,1.1317e-05,5.089e-20
0.00016769,2.9408e-05,0.00055839,1.1949e-06,3.2468e-08,1.157e-06,1.1259e-05,4.9943e-20
0.00016659,2.9203e-05,0.00055965,1.1749e-06,3.2505e-08,1.1537e-06,1.1201e-05,4.9025e-20
0.0001655,2.8999e-05,0.0005609,1.1551e-06,3.2542e-08,1.1506e-06,1.1144e-05,4.8135e-20
0.00016442,2.8796e-05,0.00056214,1.1357e-06,3.2579e-08,1.1474e-06,1.1087e-05,4.7273e-20
0.00016334,2.8595e-05,0.00056337,1.1165e-06,3.2616e-08,1.1442e-06,1.103e-05,4.6437e-20
0.00016228,2.8395e-05,0.00056459,1.0977e-06,3.2652e-08,1.1411e-06,1.0973e-05,4.5626e-20
0.00016122,2.8197e-05,0.00056581,1.0791e-06,3.2689e-08,1.1379e-06,1.0917e-05,4.484e-20
0.00016017,2.7999e-05,0.00056701,1.0608e-06,3.2726e-08,1.1348e-06,1.0861e-05,4.4079e-20
0.00015913,2.7803e-05,0.0005682,1.0428e-06,3.2762e-08,1.1317e-06,1.0806e-05,4.334e-20
0.0001581,2.7609e-05,0.00056939,1.0251e-06,3.2798e-08,1.1287e-06,1.075e-05,4.2625e-20
0.00015707,2.7415e-05,0.00057056,1.0077e-06,3.2835e-08,1.1256e-06,1.0695e-05,4.1931e-20
0.00015605,2.7223e-05,0.00057173,9.905e-07,3.2871e-08,1.1226e-06,1.064e-05,4.1258e-20
0.00015505,2.7032e-05,0.00057288,9.7361e-07,3.2907e-08,1.1195e-06,1.0586e-05,4.0606e-20
0.00015404,2.6843e-05,0.00057403,9.5698e-07,3.2943e-08,1.1165e-06,1.0532e-05,3.9975e-20
0.00015305,2.6654e-05,0.00057517,9.4061e-07,3.2979e-08,1.1135e-06,1.0478e-05,3.9362e-20
0.00015207,2.6467e-05,0.0005763,9.2451e-07,3.3015e-08,1.1106e-06,1.0424e-05,3.8768e-20
0.00015109,2.6281e-05,0.00057742,9.0865e-07,3.3051e-08,1.1076e-06,1.0371e-05,3.8193e-20
0.00015012,2.6096e-05,0.00057853,8.9305e-07,3.3087e-08,1.1047e-06,1.0318e-05,3.7635e-20
0.00014915,2.5913e-05,0.00057963,8.777e-07,3.3122e-08,1.1017e-06,1.0265e-05,3.7094e-20
0.0001482,2.5731e-05,0.00058073,8.6259e-07,3.3158e-08,1.0988e-06,1.0213e-05,3.657e-20
0.00014725,2.555e-05,0.00058181,8.4773e-07,3.3194e-08,1.0959e-06,1.0161e-05,3.6061e-20
0.00014631,2.537e-05,0.00058289,8.331e-07,3.3229e-08,1.0931e-06,1.0109e-05,3.5569e-20
0.00014538,2.5191e-05,0.00058396,8.1871e-07,3.3264e-08,1.0902e-06,1.0057e-05,3.5092e-20
0.00014445,2.5014e-05,0.00058502,8.0455e-07,3.33e-08,1.0874e-06,1.0006e-05,3.4629e-20
0.00014353,2.4837e-05,0.00058608,7.9061e-07,3.3335e-08,1.0845e-06,9.9545e-06,3.418e-20
0.00014262,2.4662e-05,0.00058712,7.769e-07,3.337e-08,1.0817e-06,9.9037e-06,3.3746e-20
0.00014172,2.4488e-05,0.00058816,7.6342e-07,3.3406e-08,1.0789e-06,9.8531e-06,3.3324e-20
0.00014082,2.4315e-05,0.00058919,7.5015e-07,3.3441e-08,1.0762e-06,9.8028e-06,3.2916e-20
0.00013993,2.4144e-05,0.00059021,7.3709e-07,3.3476e-08,1.0734e-06,9.7528e-06,3.252e-20
0.00013905,2.3973e-05,0.00059122,7.2425e-07,3.3511e-08,1.0707e-06,9.703e-06,3.2136e-20
0.00013817,2.3804e-05,0.00059222,7.1162e-07,3.3546e-08,1.0679e-06,9.6535e-06,3.1764e-20
0.0001373,2.3635e-05,0.00059322,6.992e-07,3.3581e-08,1.0652e-06,9.6043e-06,3.1404e-20
0.00013644,2.3468e-05,0.00059421,6.8698e-07,3.3615e-08,1.0625e-06,9.5553e-06,3.1055e-20
0.00013558,2.3302e-05,0.00059519,6.7496e-07,3.365e-08,1.0599e-06,9.5066e-06,3.0716e-20
0.00013473,2.3137e-05,0.00059617,6.6313e-07,3.3685e-08,1.0572e-06,9.4581e-06,3.0388e-20
0.00013389,2.2973e-05,0.00059713,6.515e-07,3.3719e-08,1.0546e-06,9.4099e-06,3.007e-20
0.00013305,2.281e-05,0.00059809,6.4007e-07,3.3754e-08,1.0519e-06,9.362e-06,2.9762e-20
0.00013222,2.2648e-05,0.00059904,6.2882e-07,3.3788e-08,1.0493e-06,9.3143e-06,2.9464e-20
0.0001314,2.2488e-05,0.00059999,6.1776e-07,3.3823e-08,1.0467e-06,9.2669e-06,2.9174e-20
0.00013058,2.2328e-05,0.00060092,6.0688e-07,3.3857e-08,1.0441e-06,9.2197e-06,2.8894e-20
0.00012977,2.2169e-05,0.00060185,5.9618e-07,3.3892e-08,1.0416e-06,9.1727e-06,2.8622e-20
0.00012897,2.2012e-05,0.00060278,5.8566e-07,3.3926e-08,1.039e-06,9.126e-06,2.8359e-20
0.00012817,2.1855e-05,0.00060369,5.7532e-07,3.396e-08,1.0365e-06,9.0795e-06,2.8103e-20
0.00012738,2.17e-05,0.0006046,5.6515e-07,3.3994e-08,1.034e-06,9.0333e-06,2.7856e-20
0.00012659,2.1545e-05,0.0006055,5.5515e-07,3.4028e-08,1.0315e-06,8.9873e-06,2.7617e-20
0.00012581,2.1392e-05,0.00060639,5.4532e-07,3.4062e-08,1.029e-06,8.9416e-06,2.7384e-20
0.00012504,2.124e-05,0.00060728,5.3565e-07,3.4096e-08,1.0266e-06,8.8961e-06,2.7159e-20
0.00012427,2.1088e-05,0.00060816,5.2615e-07,3.413e-08,1.0241e-06,8.8508e-06,2.6941e-20
0.00012351,2.0938e-05,0.00060903,5.168e-07,3.4163e-08,1.0217e-06,8.8058e-06,2.673e-20
0.00012275,2.0788e-05,0.0006099,5.0762e-07,3.4197e-08,1.0193e-06,8.761e-06,2.6526e-20
0.000122,2.064e-05,0.00061076,4.9858e-07,3.4231e-08,1.0169e-06,8.7164e-06,2.6327e-20
0.00012126,2.0493e-05,0.00061161,4.8971e-07,3.4264e-08,1.0145e-06,8.6721e-06,2.6135e-20
0.00012052,2.0346e-05,0.00061246,4.8098e-07,3.4298e-08,1.0121e-06,8.628e-06,2.5949e-20
0.00011979,2.0201e-05,0.0006133,4.724e-07,3.4331e-08,1.0098e-06,8.5841e-06,2.5769e-20
0.00011906,2.0056e-05,0.00061413,4.6397e-07,3.4364e-08,1.0075e-06,8.5404e-06,2.5594e-20
0.00011834,1.9912e-05,0.00061496,4.5568e-07,3.4397e-08,1.0051e-06,8.4969e-06,2.5425e-20
0.00011762,1.977e-05,0.00061578,4.4753e-07,3.443e-08,1.0028e-06,8.4537e-06,2.5261e-20
0.00011691,1.9628e-05,0.00061659,4.3953e-07,3.4463e-08,1.0006e-06,8.4107e-06,2.5102e-20
0.00011621,1.9487e-05,0.0006174,4.3166e-07,3.4496e-08,9.9829e-07,8.3679e-06,2.4948e-20
0.00011551,1.9347e-05,0.0006182,4.2392e-07,3.4529e-08,9.9604e-07,8.3253e-06,2.4799e-20
0.00011481,1.9208e-05,0.000619,4.1632e-07,3.4562e-08,9.9381e-07,8.283e-06,2.4655e-20
0.00011413,1.907e-05,0.00061979,4.0885e-07,3.4595e-08,9.9159e-07,8.2408e-06,2.4515e-20
0.00011344,1.8933e-05,0.00062057,4.0151e-07,3.4627e-08,9.8939e-07,8.1989e-06,2.438e-20
0.00011276,1.8797e-05,0.00062135,3.9429e-07,3.466e-08,9.872e-07,8.1571e-06,2.4249e-20
0.00011209,1.8662e-05,0.00062212,3.8721e-07,3.4692e-08,9.8503e-07,8.1156e-06,2.4122e-20
0.00011142,1.8527e-05,0.00062288,3.8024e-07,3.4724e-08,9.8288e-07,8.0743e-06,2.3999e-20
0.00011076,1.8394e-05,0.00062364,3.7339e-07,3.4757e-08,9.8074e-07,8.0332e-06,2.388e-20
0.0001101,1.8261e-05,0.00062439,3.6667e-07,3.4789e-08,9.7862e-07,7.9923e-06,2.3765e-20
0.00010945,1.8129e-05,0.00062514,3.6006e-07,3.4821e-08,9.7652e-07,7.9516e-06,2.3653e-20
0.0001088,1.7998e-05,0.00062588,3.5357e-07,3.4852e-08,9.7443e-07,7.9111e-06,2.3545e-20
0.00010816,1.7868e-05,0.00062662,3.4719e-07,3.4884e-08,9.7236e-07,7.8707e-06,2.344e-20
0.00010752,1.7739e-05,0.00062735,3.4092e-07,3.4916e-08,9.703e-07,7.8306e-06,2.3339e-20
0.00010689,1.7611e-05,0.00062807,3.3476e-07,3.4948e-08,9.6826e-07,7.7907e-06,2.3241e-20
0.00010626,1.7483e-05,0.00062879,3.2871e-07,3.4979e-08,9.6624e-07,7.751e-06,2.3146e-20
0.00010564,1.7356e-05,0.0006295,3.2277e-07,3.501e-08,9.6423e-07,7.7115e-06,2.3054e-20
0.00010502,1.7231e-05,0.00063021,3.1693e-07,3.5042e-08,9.6223e-07,7.6721e-06,2.2965e-20
0.00010441,1.7106e-05,0.00063091,3.112e-07,3.5073e-08,9.6026e-07,7.633e-06,2.2879e-20
0.0001038,1.6981e-05,0.00063161,3.0556e-07,3.5104e-08,9.583e-07,7.594e-06,2.2796e-20
0.0001032,1.6858e-05,0.0006323,3.0003e-07,3.5135e-08,9.5635e-07,7.5552e-06,2.2715e-20
0.0001026,1.6735e-05,0.00063298,2.9459e-07,3.5165e-08,9.5442e-07,7.5167e-06,2.2637e-20
0.000102,1.6613e-05,0.00063366,2.8925e-07,3.5196e-08,9.5251e-07,7.4783e-06,2.2562e-20
0.00010141,1.6492e-05,0.00063434,2.8401e-07,3.5227e-08,9.5061e-07,7.44e-06,2.2489e-20
0.00010083,1.6372e-05,0.00063501,2.7886e-07,3.5257e-08,9.4873e-07,7.402e-06,2.2418e-20
0.00010025,1.6253e-05,0.00063567,2.738e-07,3.5287e-08,9.4687e-07,7.3642e-06,2.235e-20
9.9673e-05,1.6134e-05,0.00063633,2.6883e-07,3.5317e-08,9.4502e-07,7.3265e-06,2.2284e-20
9.9101e-05,1.6016e-05,0.00063699,2.6395e-07,3.5347e-08,9.4318e-07,7.289e-06,2.222e-20
9.8534e-05,1.5899e-05,0.00063763,2.5916e-07,3.5377e-08,9.4136e-07,7.2517e-06,2.2158e-20
9.7971e-05,1.5782e-05,0.00063828,2.5445e-07,3.5407e-08,9.3956e-07,7.2146e-06,2.2099e-20
9.7412e-05,1.5667e-05,0.00063892,2.4983e-07,3.5437e-08,9.3777e-07,7.1776e-06,2.2041e-20
9.6858e-05,1.5552e-05,0.00063955,2.4529e-07,3.5466e-08,9.36e-07,7.1409e-06,2.1985e-20
9.6308e-05,1.5438e-05,0.00064018,2.4084e-07,3.5495e-08,9.3425e-07,7.1043e-06,2.1931e-20
9.5762e-05,1.5324e-05,0.0006408,2.3646e-07,3.5525e-08,9.3251e-07,7.0678e-06,2.1879e-20
9.5221e-05,1.5212e-05,0.00064142,2.3216e-07,3.5554e-08,9.3078e-07,7.0316e-06,2.1828e-20
9.4684e-05,1.51e-05,0.00064204,2.2794e-07,3.5583e-08,9.2907e-07,6.9955e-06,2.178e-20
9.4151e-05,1.4988e-05,0.00064265,2.238e-07,3.5611e-08,9.2738e-07,6.9596e-06,2.1733e-20
9.3622e-05,1.4878e-05,0.00064325,2.1973e-07,3.564e-08,9.257e-07,6.9238e-06,2.1687e-20
9.3097e-05,1.4768e-05,0.00064385,2.1574e-07,3.5668e-08,9.2404e-07,6.8883e-06,2.1643e-20
9.2576e-05,1.4659e-05,0.00064444,2.1182e-07,3.5697e-08,9.2239e-07,6.8529e-06,2.1601e-20
9.2059e-05,1.4551e-05,0.00064503,2.0797e-07,3.5725e-08,9.2075e-07,6.8176e-06,2.156e-20
9.1546e-05,1.4443e-05,0.00064562,2.0419e-07,3.5753e-08,9.1914e-07,6.7826e-06,2.1521e-20
9.1038e-05,1.4336e-05,0.0006462,2.0048e-07,3.5781e-08,9.1754e-07,6.7477e-06,2.1482e-20
9.0533e-05,1.423e-05,0.00064678,1.9684e-07,3.5808e-08,9.1595e-07,6.7129e-06,2.1446e-20
9.0032e-05,1.4124e-05,0.00064735,1.9326e-07,3.5836e-08,9.1438e-07,6.6784e-06,2.141e-20
8.9535e-05,1.4019e-05,0.00064792,1.8975e-07,3.5863e-08,9.1282e-07,6.6439e-06,2.1376e-20
8.9042e-05,1.3915e-05,0.00064848,1.863e-07,3.589e-08,9.1128e-07,6.6097e-06,2.1343e-20
8.8553e-05,1.3811e-05,0.00064904,1.8292e-07,3.5917e-08,9.0975e-07,6.5756e-06,2.1311e-20
8.8067e-05,1.3708e-05,0.00064959,1.796e-07,3.5944e-08,9.0824e-07,6.5417e-06,2.128e-20
8.7586e-05,1.3606e-05,0.00065014,1.7634e-07,3.5971e-08,9.0674e-07,6.5079e-06,2.1251e-20
8.7108e-05,1.3504e-05,0.00065069,1.7314e-07,3.5997e-08,9.0526e-07,6.4743e-06,2.1222e-20
8.6634e-05,1.3403e-05,0.00065123,1.7e-07,3.6023e-08,9.038e-07,6.4409e-06,2.1195e-20
8.6163e-05,1.3303e-05,0.00065176,1.6692e-07,3.605e-08,9.0234e-07,6.4076e-06,2.1168e-20
8.5696e-05,1.3203e-05,0.0006523,1.6389e-07,3.6075e-08,9.0091e-07,6.3745e-06,2.1143e-20
8.5233e-05,1.3104e-05,0.00065282,1.6092e-07,3.6101e-08,8.9948e-07,6.3415e-06,2.1118e-20
8.4774e-05,1.3006e-05,0.00065335,1.5801e-07,3.6127e-08,8.9808e-07,6.3087e-06,2.1095e-20
8.4318e-05,1.2908e-05,0.00065387,1.5515e-07,3.6152e-08,8.9668e-07,6.2761e-06,2.1072e-20
8.3865e-05,1.2811e-05,0.00065438,1.5234e-07,3.6177e-08,8.953e-07,6.2436e-06,2.105e-20
8.3417e-05,1.2714e-05,0.00065489,1.4959e-07,3.6202e-08,8.9394e-07,6.2112e-06,2.1029e-20
8.2971e-05,1.2618e-05,0.0006554,1.4688e-07,3.6227e-08,8.9259e-07,6.179e-06,2.1009e-20
8.2529e-05,1.2523e-05,0.00065591,1.4423e-07,3.6252e-08,8.9125e-07,6.147e-06,2.099e-20
8.2091e-05,1.2428e-05,0.00065641,1.4163e-07,3.6276e-08,8.8993e-07,6.1151e-06,2.0971e-20
8.1656e-05,1.2334e-05,0.0006569,1.3907e-07,3.63e-08,8.8863e-07,6.0834e-06,2.0953e-20
8.1225e-05,1.224e-05,0.00065739,1.3656e-07,3.6324e-08,8.8733e-07,6.0518e-06,2.0936e-20
8.0797e-05,1.2147e-05,0.00065788,1.341e-07,3.6348e-08,8.8605e-07,6.0204e-06,2.092e-20
8.0372e-05,1.2055e-05,0.00065836,1.3169e-07,3.6372e-08,8.8479e-07,5.9891e-06,2.0904e-20
7.9951e-05,1.1963e-05,0.00065884,1.2932e-07,3.6395e-08,8.8354e-07,5.958e-06,2.0889e-20
7.9533e-05,1.1872e-05,0.00065932,1.2699e-07,3.6418e-08,8.823e-07,5.9271e-06,2.0875e-20
7.9118e-05,1.1781e-05,0.00065979,1.2471e-07,3.6441e-08,8.8108e-07,5.8963e-06,2.0861e-20
7.8706e-05,1.1691e-05,0.00066026,1.2248e-07,3.6464e-08,8.7987e-07,5.8656e-06,2.0848e-20
7.8298e-05,1.1602e-05,0.00066072,1.2028e-07,3.6487e-08,8.7868e-07,5.8351e-06,2.0836e-20
7.7893e-05,1.1513e-05,0.00066118,1.1812e-07,3.6509e-08,8.775e-07,5.8047e-06,2.0824e-20
7.7491e-05,1.1424e-05,0.00066164,1.1601e-07,3.6531e-08,8.7633e-07,5.7745e-06,2.0812e-20
7.7093e-05,1.1336e-05,0.00066209,1.1394e-07,3.6553e-08,8.7518e-07,5.7444e-06,2.0801e-20
7.6697e-05,1.1249e-05,0.00066254,1.119e-07,3.6575e-08,8.7404e-07,5.7145e-06,2.0791e-20
7.6305e-05,1.1162e-05,0.00066299,1.099e-07,3.6596e-08,8.7291e-07,5.6848e-06,2.0781e-20
7.5916e-05,1.1076e-05,0.00066343,1.0795e-07,3.6617e-08,8.718e-07,5.6551e-06,2.0772e-20
7.553e-05,1.099e-05,0.00066387,1.0602e-07,3.6638e-08,8.7069e-07,5.6257e-06,2.0763e-20
7.5147e-05,1.0905e-05,0.0006643,1.0414e-07,3.6659e-08,8.6961e-07,5.5963e-06,2.0755e-20
7.4767e-05,1.0821e-05,0.00066474,1.0229e-07,3.668e-08,8.6853e-07,5.5672e-06,2.0747e-20
7.439e-05,1.0737e-05,0.00066516,1.0047e-07,3.67e-08,8.6747e-07,5.5381e-06,2.074e-20
7.4016e-05,1.0653e-05,0.00066559,9.8693e-08,3.672e-08,8.6642e-07,5.5092e-06,2.0733e-20
7.3645e-05,1.057e-05,0.00066601,9.6946e-08,3.674e-08,8.6539e-07,5.4805e-06,2.0726e-20
7.3277e-05,1.0488e-05,0.00066643,9.5233e-08,3.676e-08,8.6437e-07,5.4519e-06,2.072e-20
7.2912e-05,1.0406e-05,0.00066684,9.3552e-08,3.6779e-08,8.6336e-07,5.4235e-06,2.0714e-20
7.255e-05,1.0324e-05,0.00066725,9.1903e-08,3.6798e-08,8.6236e-07,5.3952e-06,2.0709e-20
7.2191e-05,1.0243e-05,0.00066766,9.0285e-08,3.6817e-08,8.6138e-07,5.367e-06,2.0704e-20
7.1834e-05,1.0163e-05,0.00066806,8.8699e-08,3.6836e-08,8.604e-07,5.339e-06,2.0699e-20
7.1481e-05,1.0083e-05,0.00066846,8.7142e-08,3.6854e-08,8.5944e-07,5.3111e-06,2.0695e-20
7.113e-05,1.0003e-05,0.00066886,8.5615e-08,3.6872e-08,8.5849e-07,5.2834e-06,2.0691e-20
7.0782e-05,9.924e-06,0.00066926,8.4117e-08,3.689e-08,8.5756e-07,5.2558e-06,2.0687e-20
7.0438e-05,9.8455e-06,0.00066965,8.2648e-08,3.6907e-08,8.5664e-07,5.2284e-06,2.0684e-20
7.0095e-05,9.7675e-06,0.00067003,8.1206e-08,3.6925e-08,8.5572e-07,5.2011e-06,2.0681e-20
6.9756e-05,9.6899e-06,0.00067042,7.9792e-08,3.6942e-08,8.5482e-07,5.1739e-06,2.0678e-20
6.9419e-05,9.6128e-06,0.0006708,7.8406e-08,3.6959e-08,8.5394e-07,5.1469e-06,2.0676e-20
6.9085e-05,9.5362e-06,0.00067118,7.7045e-08,3.6975e-08,8.5306e-07,5.12e-06,2.0674e-20
6.8754e-05,9.4601e-06,0.00067155,7.5711e-08,3.6992e-08,8.5219e-07,5.0933e-06,2.0672e-20
6.8426e-05,9.3844e-06,0.00067192,7.4402e-08,3.7008e-08,8.5134e-07,5.0667e-06,2.0671e-20
6.81e-05,9.3092e-06,0.00067229,7.3118e-08,3.7024e-08,8.505e-07,5.0403e-06,2.0669e-20
6.7776e-05,9.2345e-06,0.00067266,7.1859e-08,3.7039e-08,8.4967e-07,5.014e-06,2.0668e-20
6.7456e-05,9.1602e-06,0.00067302,7.0623e-08,3.7054e-08,8.4885e-07,4.9878e-06,2.0668e-20
6.7138e-05,9.0864e-06,0.00067338,6.9412e-08,3.7069e-08,8.4804e-07,4.9618e-06,2.0667e-20
6.6823e-05,9.013e-06,0.00067374,6.8223e-08,3.7084e-08,8.4724e-07,4.9359e-06,2.0667e-20
6.651e-05,8.9401e-06,0.00067409,6.7057e-08,3.7098e-08,8.4645e-07,4.9101e-06,2.0667e-20
6.62e-05,8.8677e-06,0.00067444,6.5914e-08,3.7113e-08,8.4567e-07,4.8845e-06,2.0667e-20
6.5892e-05,8.7956e-06,0.00067479,6.4792e-08,3.7127e-08,8.4491e-07,4.8591e-06,2.0668e-20
6.5587e-05,8.724e-06,0.00067513,6.3692e-08,3.714e-08,8.4415e-07,4.8337e-06,2.0668e-20
6.5284e-05,8.6529e-06,0.00067547,6.2612e-08,3.7153e-08,8.434e-07,4.8086e-06,2.0669e-20
6.4984e-05,8.5822e-06,0.00067581,6.1554e-08,3.7166e-08,8.4267e-07,4.7835e-06,2.067e-20
6.4686e-05,8.5119e-06,0.00067615,6.0516e-08,3.7179e-08,8.4194e-07,4.7586e-06,2.0671e-20
6.4391e-05,8.442e-06,0.00067648,5.9497e-08,3.7192e-08,8.4122e-07,4.7338e-06,2.0673e-20
6.4099e-05,8.3726e-06,0.00067681,5.8498e-08,3.7204e-08,8.4052e-07,4.7092e-06,2.0675e-20
6.3808e-05,8.3036e-06,0.00067714,5.7518e-08,3.7216e-08,8.3982e-07,4.6847e-06,2.0676e-20
6.352e-05,8.235e-06,0.00067746,5.6557e-08,3.7227e-08,8.3913e-07,4.6603e-06,2.0678e-20
6.3235e-05,8.1668e-06,0.00067778,5.5614e-08,3.7239e-08,8.3845e-07,4.6361e-06,2.0681e-20
6.2952e-05,8.0991e-06,0.0006781,5.4689e-08,3.725e-08,8.3778e-07,4.612e-06,2.0683e-20
6.2671e-05,8.0318e-06,0.00067842,5.3782e-08,3.726e-08,8.3712e-07,4.5881e-06,2.0686e-20
6.2393e-05,7.9648e-06,0.00067873,5.2892e-08,3.7271e-08,8.3647e-07,4.5643e-06,2.0688e-20
6.2117e-05,7.8983e-06,0.00067904,5.202e-08,3.7281e-08,8.3583e-07,4.5406e-06,2.0691e-20
6.1843e-05,7.8322e-06,0.00067935,5.1163e-08,3.7291e-08,8.3519e-07,4.517e-06,2.0694e-20
6.1571e-05,7.7665e-06,0.00067966,5.0323e-08,3.73e-08,8.3456e-07,4.4936e-06,2.0697e-20
6.1302e-05,7.7012e-06,0.00067996,4.95e-08,3.7309e-08,8.3394e-07,4.4704e-06,2.0701e-20
6.1035e-05,7.6362e-06,0.00068026,4.8691e-08,3.7318e-08,8.3333e-07,4.4472e-06,2.0704e-20
6.0771e-05,7.5717e-06,0.00068056,4.7898e-08,3.7327e-08,8.3273e-07,4.4242e-06,2.0708e-20
6.0508e-05,7.5076e-06,0.00068085,4.7121e-08,3.7335e-08,8.3213e-07,4.4013e-06,2.0711e-20
6.0248e-05,7.4438e-06,0.00068114,4.6358e-08,3.7343e-08,8.3155e-07,4.3786e-06,2.0715e-20
5.999e-05,7.3805e-06,0.00068143,4.5609e-08,3.7351e-08,8.3097e-07,4.356e-06,2.0719e-20
5.9734e-05,7.3175e-06,0.00068172,4.4875e-08,3.7358e-08,8.3039e-07,4.3335e-06,2.0723e-20
5.9481e-05,7.2549e-06,0.000682,4.4155e-08,3.7365e-08,8.2983e-07,4.3112e-06,2.0728e-20
5.9229e-05,7.1927e-06,0.00068229,4.3448e-08,3.7372e-08,8.2927e-07,4.289e-06,2.0732e-20
5.898e-05,7.1309e-06,0.00068257,4.2755e-08,3.7378e-08,8.2871e-07,4.2669e-06,2.0736e-20
5.8733e-05,7.0694e-06,0.00068284,4.2075e-08,3.7384e-08,8.2817e-07,4.245e-06,2.0741e-20
5.8488e-05,7.0084e-06,0.00068312,4.1407e-08,3.739e-08,8.2762e-07,4.2232e-06,2.0746e-20
5.8245e-05,6.9477e-06,0.00068339,4.0753e-08,3.7396e-08,8.2709e-07,4.2015e-06,2.075e-20
5.8004e-05,6.8873e-06,0.00068366,4.011e-08,3.7401e-08,8.2656e-07,4.1799e-06,2.0755e-20
5.7766e-05,6.8274e-06,0.00068392,3.948e-08,3.7405e-08,8.2604e-07,4.1585e-06,2.076e-20
5.7529e-05,6.7678e-06,0.00068419,3.8862e-08,3.741e-08,8.2552e-07,4.1372e-06,2.0766e-20
5.7294e-05,6.7085e-06,0.00068445,3.8255e-08,3.7414e-08,8.2501e-07,4.1161e-06,2.0771e-20
5.7062e-05,6.6496e-06,0.00068471,3.766e-08,3.7418e-08,8.245e-07,4.095e-06,2.0776e-20
5.6831e-05,6.5911e-06,0.00068497,3.7076e-08,3.7421e-08,8.24e-07,4.0741e-06,2.0782e-20
5.6603e-05,6.5329e-06,0.00068522,3.6502e-08,3.7424e-08,8.235e-07,4.0534e-06,2.0787e-20
5.6376e-05,6.4751e-06,0.00068548,3.594e-08,3.7427e-08,8.2301e-07,4.0327e-06,2.0793e-20
5.6152e-05,6.4177e-06,0.00068573,3.5388e-08,3.743e-08,8.2252e-07,4.0122e-06,2.0798e-20
5.5929e-05,6.3606e-06,0.00068598,3.4846e-08,3.7432e-08,8.2203e-07,3.9918e-06,2.0804e-20
5.5708e-05,6.3038e-06,0.00068622,3.4315e-08,3.7433e-08,8.2155e-07,3.9716e-06,2.081e-20
5.549e-05,6.2474e-06,0.00068647,3.3793e-08,3.7435e-08,8.2107e-07,3.9514e-06,2.0816e-20
5.5273e-05,6.1913e-06,0.00068671,3.3281e-08,3.7436e-08,8.206e-07,3.9314e-06,2.0822e-20
5.5058e-05,6.1356e-06,0.00068695,3.2779e-08,3.7437e-08,8.2012e-07,3.9115e-06,2.0828e-20
5.4845e-05,6.0802e-06,0.00068718,3.2286e-08,3.7437e-08,8.1966e-07,3.8918e-06,2.0835e-20
5.4634e-05,6.0252e-06,0.00068742,3.1802e-08,3.7437e-08,8.1919e-07,3.8721e-06,2.0841e-20
5.4425e-05,5.9705e-06,0.00068765,3.1327e-08,3.7437e-08,8.1873e-07,3.8526e-06,2.0847e-20
5.4218e-05,5.9161e-06,0.00068788,3.0861e-08,3.7436e-08,8.1826e-07,3.8332e-06,2.0854e-20
5.4012e-05,5.8621e-06,0.00068811,3.0403e-08,3.7435e-08,8.1781e-07,3.814e-06,2.086e-20
5.3809e-05,5.8084e-06,0.00068833,2.9954e-08,3.7434e-08,8.1735e-07,3.7948e-06,2.0867e-20
5.3607e-05,5.755e-06,0.00068856,2.9513e-08,3.7432e-08,8.1689e-07,3.7758e-06,2.0874e-20
5.3407e-05,5.702e-06,0.00068878,2.908e-08,3.743e-08,8.1644e-07,3.7569e-06,2.088e-20
5.3209e-05,5.6493e-06,0.000689,2.8655e-08,3.7428e-08,8.1598e-07,3.7382e-06,2.0887e-20
5.3012e-05,5.5969e-06,0.00068922,2.8237e-08,3.7425e-08,8.1553e-07,3.7195e-06,2.0894e-20
5.2818e-05,5.5448e-06,0.00068943,2.7828e-08,3.7422e-08,8.1508e-07,3.701e-06,2.0901e-20
5.2625e-05,5.4931e-06,0.00068965,2.7425e-08,3.7418e-08,8.1462e-07,3.6826e-06,2.0908e-20
5.2434e-05,5.4417e-06,0.00068986,2.703e-08,3.7414e-08,8.1417e-07,3.6643e-06,2.0915e-20
5.2245e-05,5.3906e-06,0.00069007,2.6643e-08,3.741e-08,8.1372e-07,3.6461e-06,2.0922e-20
5.2057e-05,5.3398e-06,0.00069027,2.6262e-08,3.7406e-08,8.1327e-07,3.6281e-06,2.0929e-20
5.1871e-05,5.2894e-06,0.00069048,2.5888e-08,3.7401e-08,8.1281e-07,3.6102e-06,2.0937e-20
5.1687e-05,5.2392e-06,0.00069068,2.5521e-08,3.7395e-08,8.1236e-07,3.5924e-06,2.0944e-20
5.1504e-05,5.1894e-06,0.00069088,2.516e-08,3.739e-08,8.119e-07,3.5747e-06,2.0951e-20
5.1324e-05,5.1399e-06,0.00069108,2.4806e-08,3.7384e-08,8.1144e-07,3.5571e-06,2.0959e-20
5.1145e-05,5.0907e-06,0.00069128,2.4458e-08,3.7377e-08,8.1099e-07,3.5397e-06,2.0966e-20
5.0967e-05,5.0418e-06,0.00069148,2.4116e-08,3.737e-08,8.1052e-07,3.5223e-06,2.0974e-20
5.0791e-05,4.9932e-06,0.00069167,2.378e-08,3.7363e-08,8.1006e-07,3.5051e-06,2.0981e-20
5.0617e-05,4.9449e-06,0.00069186,2.3451e-08,3.7356e-08,8.0959e-07,3.488e-06,2.0989e-20
5.0445e-05,4.897e-06,0.00069205,2.3127e-08,3.7348e-08,8.0912e-07,3.471e-06,2.0997e-20
5.0274e-05,4.8493e-06,0.00069224,2.2809e-08,3.7339e-08,8.0865e-07,3.4541e-06,2.1005e-20
5.0104e-05,4.8019e-06,0.00069242,2.2496e-08,3.7331e-08,8.0818e-07,3.4374e-06,2.1012e-20
4.9937e-05,4.7549e-06,0.00069261,2.2189e-08,3.7322e-08,8.077e-07,3.4207e-06,2.102e-20
4.977e-05,4.7081e-06,0.00069279,2.1887e-08,3.7312e-08,8.0721e-07,3.4042e-06,2.1028e-20
4.9606e-05,4.6617e-06,0.00069297,2.159e-08,3.7302e-08,8.0672e-07,3.3878e-06,2.1036e-20
4.9443e-05,4.6155e-06,0.00069315,2.1299e-08,3.7292e-08,8.0623e-07,3.3715e-06,2.1044e-20
4.9281e-05,4.5697e-06,0.00069333,2.1013e-08,3.7281e-08,8.0573e-07,3.3553e-06,2.1052e-20
4.9121e-05,4.5241e-06,0.0006935,2.0731e-08,3.7271e-08,8.0523e-07,3.3392e-06,2.106e-20
4.8963e-05,4.4789e-06,0.00069367,2.0455e-08,3.7259e-08,8.0472e-07,3.3232e-06,2.1068e-20
4.8806e-05,4.4339e-06,0.00069384,2.0183e-08,3.7247e-08,8.0421e-07,3.3074e-06,2.1077e-20
4.8651e-05,4.3892e-06,0.00069401,1.9916e-08,3.7235e-08,8.0369e-07,3.2916e-06,2.1085e-20
4.8497e-05,4.3448e-06,0.00069418,1.9653e-08,3.7223e-08,8.0316e-07,3.276e-06,2.1093e-20
4.8344e-05,4.3007e-06,0.00069435,1.9395e-08,3.721e-08,8.0263e-07,3.2605e-06,2.1101e-20
4.8193e-05,4.2569e-06,0.00069451,1.9141e-08,3.7196e-08,8.0209e-07,3.2451e-06,2.111e-20
4.8044e-05,4.2134e-06,0.00069467,1.8891e-08,3.7183e-08,8.0154e-07,3.2297e-06,2.1118e-20
4.7896e-05,4.1702e-06,0.00069484,1.8646e-08,3.7169e-08,8.0099e-07,3.2145e-06,2.1127e-20
4.7749e-05,4.1273e-06,0.00069499,1.8405e-08,3.7154e-08,8.0043e-07,3.1994e-06,2.1135e-20
4.7604e-05,4.0846e-06,0.00069515,1.8167e-08,3.7139e-08,7.9985e-07,3.1845e-06,2.1144e-20
4.746e-05,4.0423e-06,0.00069531,1.7934e-08,3.7124e-08,7.9928e-07,3.1696e-06,2.1152e-20
4.7318e-05,4.0002e-06,0.00069546,1.7705e-08,3.7108e-08,7.9869e-07,3.1548e-06,2.1161e-20
4.7177e-05,3.9584e-06,0.00069561,1.7479e-08,3.7092e-08,7.9809e-07,3.1401e-06,2.1169e-20
4.7037e-05,3.9169e-06,0.00069577,1.7257e-08,3.7076e-08,7.9749e-07,3.1256e-06,2.1178e-20
4.6899e-05,3.8757e-06,0.00069591,1.7039e-08,3.7059e-08,7.9687e-07,3.1111e-06,2.1187e-20
4.6762e-05,3.8347e-06,0.00069606,1.6824e-08,3.7041e-08,7.9624e-07,3.0967e-06,2.1196e-20
4.6627e-05,3.7941e-06,0.00069621,1.6613e-08,3.7024e-08,7.9561e-07,3.0825e-06,2.1204e-20
4.6493e-05,3.7537e-06,0.00069635,1.6405e-08,3.7006e-08,7.9496e-07,3.0683e-06,2.1213e-20
4.636e-05,3.7136e-06,0.0006965,1.62e-08,3.6987e-08,7.943e-07,3.0543e-06,2.1222e-20
4.6228e-05,3.6738e-06,0.00069664,1.5999e-08,3.6968e-08,7.9364e-07,3.0403e-06,2.1231e-20
4.6098e-05,3.6342e-06,0.00069678,1.5801e-08,3.6949e-08,7.9296e-07,3.0265e-06,2.124e-20
4.5969e-05,3.5949e-06,0.00069692,1.5606e-08,3.6929e-08,7.9226e-07,3.0127e-06,2.1249e-20
4.5842e-05,3.5559e-06,0.00069705,1.5415e-08,3.6909e-08,7.9156e-07,2.9991e-06,2.1258e-20
4.5716e-05,3.5172e-06,0.00069719,1.5226e-08,3.6888e-08,7.9084e-07,2.9855e-06,2.1267e-20
4.5591e-05,3.4788e-06,0.00069732,1.504e-08,3.6867e-08,7.9011e-07,2.9721e-06,2.1276e-20
4.5467e-05,3.4406e-06,0.00069745,1.4857e-08,3.6846e-08,7.8937e-07,2.9587e-06,2.1285e-20
4.5345e-05,3.4027e-06,0.00069758,1.4677e-08,3.6824e-08,7.8862e-07,2.9455e-06,2.1294e-20
4.5223e-05,3.3651e-06,0.00069771,1.45e-08,3.6802e-08,7.8785e-07,2.9323e-06,2.1303e-20
4.5103e-05,3.3277e-06,0.00069784,1.4326e-08,3.6779e-08,7.8707e-07,2.9193e-06,2.1313e-20
4.4985e-05,3.2906e-06,0.00069797,1.4154e-08,3.6756e-08,7.8627e-07,2.9063e-06,2.1322e-20
4.4867e-05,3.2538e-06,0.00069809,1.3985e-08,3.6733e-08,7.8546e-07,2.8934e-06,2.1331e-20
4.4751e-05,3.2173e-06,0.00069822,1.3818e-08,3.6709e-08,7.8463e-07,2.8807e-06,2.134e-20
4.4636e-05,3.181e-06,0.00069834,1.3654e-08,3.6685e-08,7.8379e-07,2.868e-06,2.135e-20
4.4522e-05,3.145e-06,0.00069846,1.3492e-08,3.666e-08,7.8293e-07,2.8554e-06,2.1359e-20
4.4409e-05,3.1092e-06,0.00069858,1.3333e-08,3.6635e-08,7.8206e-07,2.8429e-06,2.1368e-20
4.4297e-05,3.0737e-06,0.00069869,1.3177e-08,3.6609e-08,7.8117e-07,2.8305e-06,2.1378e-20
4.4187e-05,3.0385e-06,0.00069881,1.3022e-08,3.6583e-08,7.8027e-07,2.8182e-06,2.1387e-20
4.4078e-05,3.0036e-06,0.00069893,1.287e-08,3.6557e-08,7.7935e-07,2.806e-06,2.1397e-20
4.397e-05,2.9689e-06,0.00069904,1.272e-08,3.653e-08,7.7841e-07,2.7939e-06,2.1406e-20
4.3863e-05,2.9345e-06,0.00069915,1.2573e-08,3.6503e-08,7.7746e-07,2.7819e-06,2.1416e-20
4.3757e-05,2.9003e-06,0.00069926,1.2427e-08,3.6475e-08,7.7648e-07,2.7699e-06,2.1425e-20
4.3652e-05,2.8665e-06,0.00069937,1.2284e-08,3.6447e-08,7.7549e-07,2.7581e-06,2.1435e-20
4.3548e-05,2.8328e-06,0.00069948,1.2143e-08,3.6419e-08,7.7449e-07,2.7463e-06,2.1444e-20
4.3446e-05,2.7995e-06,0.00069959,1.2003e-08,3.639e-08,7.7346e-07,2.7347e-06,2.1454e-20
4.3344e-05,2.7664e-06,0.00069969,1.1866e-08,3.636e-08,7.7242e-07,2.7231e-06,2.1463e-20
4.3244e-05,2.7335e-06,0.0006998,1.1731e-08,3.633e-08,7.7135e-07,2.7116e-06,2.1473e-20
4.3145e-05,2.7009e-06,0.0006999,1.1597e-08,3.63e-08,7.7027e-07,2.7002e-06,2.1483e-20
4.3047e-05,2.6686e-06,0.00070001,1.1466e-08,3.627e-08,7.6917e-07,2.6889e-06,2.1492e-20
4.2949e-05,2.6365e-06,0.00070011,1.1336e-08,3.6239e-08,7.6805e-07,2.6777e-06,2.1502e-20
4.2853e-05,2.6047e-06,0.00070021,1.1209e-08,3.6207e-08,7.6691e-07,2.6665e-06,2.1512e-20
4.2758e-05,2.5732e-06,0.0007003,1.1083e-08,3.6175e-08,7.6575e-07,2.6555e-06,2.1522e-20
4.2664e-05,2.5419e-06,0.0007004,1.0959e-08,3.6143e-08,7.6457e-07,2.6445e-06,2.1531e-20
4.2571e-05,2.5109e-06,0.0007005,1.0836e-08,3.611e-08,7.6337e-07,2.6336e-06,2.1541e-20
4.2479e-05,2.4801e-06,0.00070059,1.0715e-08,3.6077e-08,7.6214e-07,2.6228e-06,2.1551e-20
4.2388e-05,2.4495e-06,0.00070069,1.0596e-08,3.6043e-08,7.609e-07,2.6121e-06,2.1561e-20
4.2298e-05,2.4193e-06,0.00070078,1.0479e-08,3.6009e-08,7.5964e-07,2.6015e-06,2.1571e-20
4.2209e-05,2.3893e-06,0.00070087,1.0363e-08,3.5975e-08,7.5835e-07,2.5909e-06,2.1581e-20
4.212e-05,2.3595e-06,0.00070096,1.0248e-08,3.594e-08,7.5704e-07,2.5804e-06,2.1591e-20
4.2033e-05,2.33e-06,0.00070105,1.0136e-08,3.5905e-08,7.5571e-07,2.57e-06,2.1601e-20
4.1947e-05,2.3007e-06,0.00070114,1.0024e-08,3.5869e-08,7.5436e-07,2.5597e-06,2.161e-20
4.1862e-05,2.2717e-06,0.00070122,9.9146e-09,3.5833e-08,7.5299e-07,2.5495e-06,2.162e-20
4.1778e-05,2.243e-06,0.00070131,9.8062e-09,3.5796e-08,7.5159e-07,2.5393e-06,2.163e-20
4.1694e-05,2.2144e-06,0.00070139,9.6993e-09,3.5759e-08,7.5017e-07,2.5293e-06,2.164e-20
4.1612e-05,2.1862e-06,0.00070148,9.5939e-09,3.5722e-08,7.4873e-07,2.5193e-06,2.165e-20
4.153e-05,2.1582e-06,0.00070156,9.4898e-09,3.5684e-08,7.4727e-07,2.5094e-06,2.166e-20
4.1449e-05,2.1304e-06,0.00070164,9.387e-09,3.5645e-08,7.4578e-07,2.4995e-06,2.1671e-20
4.137e-05,2.1029e-06,0.00070172,9.2856e-09,3.5607e-08,7.4427e-07,2.4898e-06,2.1681e-20
4.1291e-05,2.0756e-06,0.0007018,9.1856e-09,3.5567e-08,7.4273e-07,2.4801e-06,2.1691e-20
4.1213e-05,2.0486e-06,0.00070188,9.0868e-09,3.5528e-08,7.4117e-07,2.4705e-06,2.1701e-20
4.1136e-05,2.0219e-06,0.00070196,8.9892e-09,3.5488e-08,7.3959e-07,2.461e-06,2.1711e-20
4.1059e-05,1.9953e-06,0.00070203,8.893e-09,3.5447e-08,7.3798e-07,2.4515e-06,2.1721e-20
4.0984e-05,1.969e-06,0.00070211,8.7979e-09,3.5407e-08,7.3635e-07,2.4421e-06,2.1731e-20
4.091e-05,1.943e-06,0.00070218,8.7041e-09,3.5365e-08,7.347e-07,2.4328e-06,2.1741e-20
4.0836e-05,1.9172e-06,0.00070225,8.6114e-09,3.5324e-08,7.3302e-07,2.4236e-06,2.1752e-20
4.0763e-05,1.8916e-06,0.00070233,8.5199e-09,3.5281e-08,7.3131e-07,2.4144e-06,2.1762e-20
4.0691e-05,1.8663e-06,0.0007024,8.4296e-09,3.5239e-08,7.2958e-07,2.4053e-06,2.1772e-20
4.062e-05,1.8413e-06,0.00070247,8.3404e-09,3.5196e-08,7.2783e-07,2.3963e-06,2.1782e-20
4.0549e-05,1.8164e-06,0.00070254,8.2522e-09,3.5153e-08,7.2605e-07,2.3874e-06,2.1792e-20
4.048e-05,1.7918e-06,0.00070261,8.1652e-09,3.5109e-08,7.2425e-07,2.3785e-06,2.1803e-20
4.0411e-05,1.7675e-06,0.00070267,8.0793e-09,3.5064e-08,7.2242e-07,2.3697e-06,2.1813e-20
4.0343e-05,1.7434e-06,0.00070274,7.9944e-09,3.502e-08,7.2057e-07,2.361e-06,2.1823e-20
4.0276e-05,1.7195e-06,0.0007028,7.9105e-09,3.4975e-08,7.1869e-07,2.3523e-06,2.1834e-20
4.0209e-05,1.6958e-06,0.00070287,7.8277e-09,3.4929e-08,7.1678e-07,2.3437e-06,2.1844e-20
4.0143e-05,1.6724e-06,0.00070293,7.7458e-09,3.4883e-08,7.1486e-07,2.3352e-06,2.1854e-20
4.0078e-05,1.6493e-06,0.000703,7.665e-09,3.4837e-08,7.129e-07,2.3268e-06,2.1864e-20
4.0014e-05,1.6263e-06,0.00070306,7.5851e-09,3.479e-08,7.1092e-07,2.3184e-06,2.1875e-20
3.9951e-05,1.6036e-06,0.00070312,7.5062e-09,3.4743e-08,7.0891e-07,2.3101e-06,2.1885e-20
3.9888e-05,1.5811e-06,0.00070318,7.4282e-09,3.4696e-08,7.0688e-07,2.3018e-06,2.1895e-20
3.9826e-05,1.5589e-06,0.00070324,7.3512e-09,3.4648e-08,7.0483e-07,2.2936e-06,2.1906e-20
3.9764e-05,1.5369e-06,0.0007033,7.275e-09,3.4599e-08,7.0274e-07,2.2855e-06,2.1916e-20
3.9704e-05,1.5151e-06,0.00070336,7.1998e-09,3.455e-08,7.0064e-07,2.2775e-06,2.1927e-20
3.9644e-05,1.4935e-06,0.00070341,7.1255e-09,3.4501e-08,6.985e-07,2.2695e-06,2.1937e-20
3.9585e-05,1.4722e-06,0.00070347,7.052e-09,3.4452e-08,6.9635e-07,2.2616e-06,2.1947e-20
3.9526e-05,1.4511e-06,0.00070352,6.9794e-09,3.4402e-08,6.9416e-07,2.2537e-06,2.1958e-20
3.9468e-05,1.4302e-06,0.00070358,6.9076e-09,3.4351e-08,6.9195e-07,2.2459e-06,2.1968e-20
3.9411e-05,1.4096e-06,0.00070363,6.8366e-09,3.43e-08,6.8972e-07,2.2382e-06,2.1979e-20
3.9355e-05,1.3892e-06,0.00070369,6.7665e-09,3.4249e-08,6.8746e-07,2.2305e-06,2.1989e-20
3.9299e-05,1.369e-06,0.00070374,6.6972e-09,3.4198e-08,6.8517e-07,2.2229e-06,2.2e-20
3.9244e-05,1.349e-06,0.00070379,6.6287e-09,3.4146e-08,6.8286e-07,2.2153e-06,2.201e-20
3.9189e-05,1.3292e-06,0.00070384,6.561e-09,3.4093e-08,6.8053e-07,2.2079e-06,2.2021e-20
3.9135e-05,1.3097e-06,0.00070389,6.494e-09,3.404e-08,6.7817e-07,2.2004e-06,2.2031e-20
3.9082e-05,1.2904e-06,0.00070394,6.4278e-09,3.3987e-08,6.7578e-07,2.1931e-06,2.2041e-20
3.9029e-05,1.2713e-06,0.00070399,6.3624e-09,3.3934e-08,6.7337e-07,2.1858e-06,2.2052e-20
3.8977e-05,1.2524e-06,0.00070404,6.2977e-09,3.388e-08,6.7093e-07,2.1785e-06,2.2062e-20
3.8926e-05,1.2338e-06,0.00070408,6.2337e-09,3.3825e-08,6.6847e-07,2.1714e-06,2.2073e-20
3.8875e-05,1.2153e-06,0.00070413,6.1705e-09,3.3771e-08,6.6599e-07,2.1642e-06,2.2083e-20
3.8825e-05,1.1971e-06,0.00070417,6.1079e-09,3.3716e-08,6.6348e-07,2.1572e-06,2.2094e-20
3.8775e-05,1.179e-06,0.00070422,6.0461e-09,3.366e-08,6.6095e-07,2.1502e-06,2.2104e-20
3.8726e-05,1.1612e-06,0.00070426,5.9849e-09,3.3604e-08,6.5839e-07,2.1432e-06,2.2115e-20
3.8678e-05,1.1436e-06,0.00070431,5.9245e-09,3.3548e-08,6.5581e-07,2.1363e-06,2.2125e-20
3.863e-05,1.1263e-06,0.00070435,5.8647e-09,3.3491e-08,6.5321e-07,2.1295e-06,2.2136e-20
3.8583e-05,1.1091e-06,0.00070439,5.8055e-09,3.3434e-08,6.5058e-07,2.1227e-06,2.2147e-20
3.8536e-05,1.0921e-06,0.00070444,5.7471e-09,3.3377e-08,6.4793e-07,2.116e-06,2.2157e-20
3.849e-05,1.0753e-06,0.00070448,5.6892e-09,3.3319e-08,6.4525e-07,2.1093e-06,2.2168e-20
3.8444e-05,1.0588e-06,0.00070452,5.632e-09,3.3261e-08,6.4256e-07,2.1027e-06,2.2178e-20
