,,,,,,,,,,,
0.0014,0,0,0,0,0,0,0.0034,2.5e-13,0,0,0
0.0013825,3.2694e-13,1.2281e-12,6.6801e-17,1.065e-14,1.9594e-12,3.171e-14,0.0034,1.7856e-13,8.3171e-21,2.5825e-24,1.759e-23
0.0013846,2.1985e-12,1.9261e-11,9.5094e-16,9.0063e-13,2.582e-11,4.2601e-13,0.0034,1.2913e-13,3.7389e-19,5.4508e-23,1.1032e-21
0.0013862,1.0274e-11,1.1413e-10,8.0368e-15,1.4422e-11,1.3914e-10,3.5152e-12,0.0034,9.5047e-14,4.5494e-18,4.8602e-22,1.368e-20
0.0013877,3.2902e-11,4.3349e-10,5.4602e-14,1.0819e-10,4.0292e-10,1.4136e-11,0.0034,7.1623e-14,2.742e-17,2.6806e-21,8.5211e-20
0.0013888,7.8243e-11,1.1952e-09,2.6109e-13,4.7711e-10,8.0179e-10,3.7449e-11,0.0034,5.5762e-14,9.856e-17,1.0167e-20,3.3937e-19
0.0013896,1.4876e-10,2.6473e-09,9.2592e-13,1.4752e-09,1.1475e-09,7.5081e-11,0.0034,4.4717e-14,2.4295e-16,2.9134e-20,9.9503e-19
0.0013902,2.2921e-10,5.0542e-09,2.6477e-12,3.5626e-09,1.2828e-09,1.2221e-10,0.0034,3.6686e-14,4.4556e-16,6.746e-20,2.3344e-18
0.0013905,2.9079e-10,8.1362e-09,5.6779e-12,6.4831e-09,1.2938e-09,1.6681e-10,0.0034,3.1472e-14,6.2637e-16,1.219e-19,4.2518e-18
0.0013909,3.3692e-10,1.2251e-08,1.0512e-11,1.0201e-08,1.2579e-09,2.1124e-10,0.0034,2.7672e-14,7.8486e-16,1.9723e-19,6.9223e-18
0.0013912,3.6897e-10,1.752e-08,1.717e-11,1.4369e-08,1.2041e-09,2.5384e-10,0.0034,2.4973e-14,9.3452e-16,2.9414e-19,1.0377e-17
0.0013914,3.9069e-10,2.363e-08,2.4986e-11,1.8567e-08,1.153e-09,2.9179e-10,0.0034,2.3175e-14,1.093e-15,4.0661e-19,1.4405e-17
0.0013917,4.0821e-10,3.0832e-08,3.4157e-11,2.3081e-08,1.1104e-09,3.2738e-10,0.0034,2.1909e-14,1.288e-15,5.4024e-19,1.9206e-17
0.0013919,4.2433e-10,3.918e-08,4.4765e-11,2.8122e-08,1.0795e-09,3.6115e-10,0.0034,2.1014e-14,1.5367e-15,6.9712e-19,2.4859e-17
0.0013921,4.4127e-10,4.8777e-08,5.7035e-11,3.4011e-08,1.0607e-09,3.9364e-10,0.0034,2.0377e-14,1.8591e-15,8.7938e-19,3.1442e-17
0.0013923,4.6178e-10,5.9832e-08,7.1351e-11,4.1182e-08,1.0541e-09,4.2538e-10,0.0034,1.992e-14,2.287e-15,1.0897e-18,3.9055e-17
0.0013924,4.9004e-10,7.2704e-08,8.8283e-11,5.0254e-08,1.0597e-09,4.5685e-10,0.0034,1.9587e-14,2.8748e-15,1.3323e-18,4.7848e-17
0.0013925,5.3319e-10,8.7978e-08,1.0865e-10,6.2188e-08,1.0778e-09,4.8853e-10,0.0034,1.9338e-14,3.7186e-15,1.6139e-18,5.8069e-17
0.0013927,6.053e-10,1.0661e-07,1.3364e-10,7.8608e-08,1.1091e-09,5.209e-10,0.0033999,1.9149e-14,5.0039e-15,1.9462e-18,7.0148e-17
0.0013928,7.3972e-10,1.303e-07,1.6503e-10,1.0257e-07,1.1548e-09,5.5447e-10,0.0033999,1.9001e-14,7.1407e-15,2.3516e-18,8.4894e-17
0.0013928,1.0354e-09,1.6247e-07,2.0563e-10,1.4071e-07,1.218e-09,5.8982e-10,0.0033999,1.888e-14,1.1219e-14,2.8777e-18,1.0405e-16
0.0013928,1.9045e-09,2.1186e-07,2.6002e-10,2.1092e-07,1.3055e-09,6.2768e-10,0.0033999,1.8777e-14,2.1036e-14,3.6522e-18,1.3226e-16
0.0013927,6.4324e-09,3.129e-07,3.3536e-10,3.7967e-07,1.4385e-09,6.6927e-10,0.0033998,1.8687e-14,5.6196e-14,5.1787e-18,1.8791e-16
0.001392,6.4886e-08,7.3754e-07,4.3483e-10,9.689e-07,1.7303e-09,7.1781e-10,0.0033997,1.8604e-14,2.2872e-13,1.09e-17,3.9654e-16
0.0013893,7.2261e-07,2.5948e-06,5.3908e-10,2.6906e-06,2.6808e-09,7.879e-10,0.0033994,1.8523e-14,7.4669e-13,2.9416e-17,1.0721e-15
0.0013825,3.8348e-06,5.6105e-06,6.5592e-10,5.4383e-06,4.5553e-09,9.1316e-10,0.0033983,1.841e-14,1.7816e-12,5.2042e-17,1.898e-15
0.00137,1.1657e-05,9.1253e-06,7.9976e-10,8.1638e-06,7.0762e-09,1.1218e-09,0.0033958,1.819e-14,3.458e-12,7.1681e-17,2.6152e-15
0.0013514,2.4691e-05,1.2795e-05,9.7268e-10,1.0129e-05,1.0225e-08,1.4323e-09,0.0033911,1.7763e-14,5.7828e-12,8.8303e-17,3.2225e-15
0.0013279,4.1149e-05,1.6196e-05,1.1661e-09,1.1393e-05,1.4992e-08,1.8785e-09,0.0033836,1.7005e-14,8.3654e-12,1.0514e-16,3.8378e-15
0.001301,5.8348e-05,2.0087e-05,1.3465e-09,1.2557e-05,2.3761e-08,2.5623e-09,0.0033733,1.5785e-14,1.0587e-11,1.2721e-16,4.6448e-15
0.0012721,7.5e-05,2.3458e-05,1.4974e-09,1.3554e-05,3.7917e-08,3.6626e-09,0.0033603,1.4154e-14,1.2312e-11,1.4478e-16,5.2876e-15
0.0012426,9.0745e-05,2.3982e-05,1.6501e-09,1.385e-05,5.7373e-08,5.3636e-09,0.003345,1.2294e-14,1.3665e-11,1.5792e-16,5.7681e-15
0.0012135,0.00010493,2.3659e-05,1.8364e-09,1.3508e-05,8.2066e-08,7.8332e-09,0.0033279,1.0394e-14,1.476e-11,1.7247e-16,6.3008e-15
0.0011856,0.00011673,2.3227e-05,2.0497e-09,1.2839e-05,1.1203e-07,1.123e-08,0.0033095,8.6044e-15,1.5561e-11,1.8966e-16,6.93e-15
0.0011597,0.00012555,2.2858e-05,2.2665e-09,1.2099e-05,1.4764e-07,1.5715e-08,0.0032902,6.9984e-15,1.5848e-11,2.0939e-16,7.6519e-15
0.0011364,0.0001311,2.257e-05,2.4749e-09,1.1457e-05,1.8932e-07,2.1459e-08,0.0032708,5.6164e-15,1.5587e-11,2.3119e-16,8.4498e-15
0.0011154,0.0001339,2.2339e-05,2.6732e-09,1.0974e-05,2.3645e-07,2.8626e-08,0.0032515,4.5595e-15,1.5149e-11,2.545e-16,9.303e-15
0.0010966,0.00013482,2.2139e-05,2.8627e-09,1.063e-05,2.8816e-07,3.7343e-08,0.0032328,3.8461e-15,1.4732e-11,2.7862e-16,1.0186e-14
0.0010793,0.00013455,2.1953e-05,3.0444e-09,1.0382e-05,3.4396e-07,4.7709e-08,0.0032148,3.3774e-15,1.437e-11,3.029e-16,1.1075e-14
0.0010634,0.00013356,2.1774e-05,3.2193e-09,1.0198e-05,4.0347e-07,5.9808e-08,0.0031976,3.0531e-15,1.406e-11,3.2691e-16,1.1954e-14
0.0010487,0.00013215,2.16e-05,3.388e-09,1.0056e-05,4.6634e-07,7.371e-08,0.0031811,2.8121e-15,1.3793e-11,3.5045e-16,1.2816e-14
0.0010349,0.0001305,2.1431e-05,3.5513e-09,9.9415e-06,5.3226e-07,8.9477e-08,0.0031653,2.6218e-15,1.3559e-11,3.7345e-16,1.3658e-14
0.0010218,0.00012874,2.1268e-05,3.7094e-09,9.8444e-06,6.0093e-07,1.0716e-07,0.0031503,2.465e-15,1.3353e-11,3.9592e-16,1.448e-14
0.0010095,0.00012693,2.1113e-05,3.863e-09,9.7593e-06,6.7207e-07,1.268e-07,0.0031359,2.3315e-15,1.3169e-11,4.1787e-16,1.5284e-14
0.00099769,0.00012513,2.0966e-05,4.0122e-09,9.6823e-06,7.454e-07,1.4844e-07,0.0031221,2.2152e-15,1.3003e-11,4.3931e-16,1.6069e-14
0.00098645,0.00012335,2.0826e-05,4.1575e-09,9.6111e-06,8.2067e-07,1.7209e-07,0.0031089,2.1121e-15,1.2852e-11,4.6027e-16,1.6836e-14
0.00097567,0.00012163,2.0695e-05,4.2991e-09,9.5439e-06,8.9764e-07,1.9779e-07,0.0030963,2.0193e-15,1.2714e-11,4.8073e-16,1.7585e-14
0.00096531,0.00011997,2.057e-05,4.4372e-09,9.4798e-06,9.7607e-07,2.2554e-07,0.0030841,1.9349e-15,1.2587e-11,5.0072e-16,1.8316e-14
0.00095533,0.00011836,2.0451e-05,4.5721e-09,9.418e-06,1.0558e-06,2.5535e-07,0.0030724,1.8573e-15,1.2469e-11,5.2022e-16,1.903e-14
0.00094568,0.00011683,2.0339e-05,4.7039e-09,9.3581e-06,1.1365e-06,2.8722e-07,0.0030611,1.7854e-15,1.236e-11,5.3926e-16,1.9727e-14
0.00093634,0.00011535,2.0231e-05,4.8328e-09,9.2996e-06,1.2181e-06,3.2116e-07,0.0030501,1.7184e-15,1.2258e-11,5.5782e-16,2.0406e-14
0.00092727,0.00011395,2.0128e-05,4.959e-09,9.2424e-06,1.3003e-06,3.5715e-07,0.0030395,1.6555e-15,1.2162e-11,5.759e-16,2.1068e-14
0.00091846,0.0001126,2.0029e-05,5.0826e-09,9.1862e-06,1.3831e-06,3.9519e-07,0.0030293,1.5964e-15,1.2071e-11,5.9351e-16,2.1713e-14
0.00090989,0.00011131,1.9934e-05,5.2038e-09,9.1309e-06,1.4662e-06,4.3526e-07,0.0030193,1.5404e-15,1.1986e-11,6.1066e-16,2.2341e-14
0.00090152,0.00011007,1.9842e-05,5.3227e-09,9.0765e-06,1.5495e-06,4.7735e-07,0.0030096,1.4874e-15,1.1905e-11,6.2733e-16,2.2951e-14
0.00089336,0.00010889,1.9753e-05,5.4394e-09,9.0229e-06,1.6329e-06,5.2144e-07,0.0030001,1.4369e-15,1.1828e-11,6.4353e-16,2.3544e-14
0.00088538,0.00010776,1.9667e-05,5.554e-09,8.9699e-06,1.7163e-06,5.675e-07,0.0029909,1.3887e-15,1.1755e-11,6.5926e-16,2.412e-14
0.00087756,0.00010666,1.9583e-05,5.6666e-09,8.9176e-06,1.7994e-06,6.1551e-07,0.0029818,1.3427e-15,1.1685e-11,6.7453e-16,2.4679e-14
0.00086991,0.00010561,1.9502e-05,5.7774e-09,8.8658e-06,1.8823e-06,6.6545e-07,0.002973,1.2986e-15,1.1618e-11,6.8933e-16,2.522e-14
0.00086239,0.0001046,1.9422e-05,5.8863e-09,8.8146e-06,1.9648e-06,7.1729e-07,0.0029644,1.2564e-15,1.1553e-11,7.0367e-16,2.5745e-14
0.00085502,0.00010363,1.9344e-05,5.9934e-09,8.7639e-06,2.0469e-06,7.71e-07,0.0029559,1.2158e-15,1.1492e-11,7.1754e-16,2.6253e-14
0.00084777,0.00010268,1.9267e-05,6.0989e-09,8.7137e-06,2.1284e-06,8.2655e-07,0.0029476,1.1768e-15,1.1432e-11,7.3096e-16,2.6744e-14
0.00084063,0.00010177,1.9192e-05,6.2029e-09,8.664e-06,2.2092e-06,8.8392e-07,0.0029394,1.1393e-15,1.1375e-11,7.4391e-16,2.7218e-14
0.00083361,0.00010089,1.9118e-05,6.3053e-09,8.6146e-06,2.2894e-06,9.4306e-07,0.0029313,1.1032e-15,1.1319e-11,7.564e-16,2.7675e-14
0.0008267,0.00010003,1.9045e-05,6.4062e-09,8.5656e-06,2.3688e-06,1.0039e-06,0.0029234,1.0683e-15,1.1266e-11,7.6844e-16,2.8115e-14
0.00081988,9.9195e-05,1.8973e-05,6.5057e-09,8.517e-06,2.4473e-06,1.0666e-06,0.0029156,1.0347e-15,1.1214e-11,7.8003e-16,2.8539e-14
0.00081316,9.8383e-05,1.8901e-05,6.6039e-09,8.4687e-06,2.525e-06,1.1308e-06,0.0029079,1.0023e-15,1.1164e-11,7.9116e-16,2.8947e-14
0.00080652,9.7592e-05,1.8831e-05,6.7007e-09,8.4207e-06,2.6018e-06,1.1968e-06,0.0029004,9.7097e-16,1.1115e-11,8.0184e-16,2.9338e-14
0.00079997,9.682e-05,1.8761e-05,6.7963e-09,8.373e-06,2.6776e-06,1.2643e-06,0.0028929,9.4072e-16,1.1067e-11,8.1207e-16,2.9712e-14
0.0007935,9.6066e-05,1.8691e-05,6.8907e-09,8.3256e-06,2.7523e-06,1.3335e-06,0.0028855,9.1149e-16,1.1021e-11,8.2185e-16,3.007e-14
0.00078711,9.5329e-05,1.8622e-05,6.9838e-09,8.2785e-06,2.826e-06,1.4041e-06,0.0028782,8.8324e-16,1.0976e-11,8.3119e-16,3.0412e-14
0.00078079,9.4607e-05,1.8553e-05,7.0759e-09,8.2316e-06,2.8986e-06,1.4763e-06,0.002871,8.5591e-16,1.0932e-11,8.4009e-16,3.0737e-14
0.00077454,9.3899e-05,1.8484e-05,7.1668e-09,8.1849e-06,2.9701e-06,1.55e-06,0.0028638,8.2949e-16,1.0889e-11,8.4855e-16,3.1047e-14
0.00076835,9.3204e-05,1.8416e-05,7.2566e-09,8.1385e-06,3.0405e-06,1.6251e-06,0.0028568,8.0392e-16,1.0847e-11,8.5657e-16,3.134e-14
0.00076224,9.2522e-05,1.8348e-05,7.3454e-09,8.0923e-06,3.1096e-06,1.7016e-06,0.0028498,7.7918e-16,1.0806e-11,8.6416e-16,3.1618e-14
0.00075618,9.1852e-05,1.828e-05,7.4332e-09,8.0463e-06,3.1775e-06,1.7795e-06,0.0028429,7.5523e-16,1.0766e-11,8.7131e-16,3.188e-14
0.00075019,9.1192e-05,1.8211e-05,7.5199e-09,8.0004e-06,3.2443e-06,1.8588e-06,0.002836,7.3205e-16,1.0726e-11,8.7804e-16,3.2126e-14
0.00074426,9.0543e-05,1.8143e-05,7.6057e-09,7.9548e-06,3.3097e-06,1.9394e-06,0.0028292,7.096e-16,1.0687e-11,8.8434e-16,3.2356e-14
0.00073838,8.9903e-05,1.8075e-05,7.6906e-09,7.9094e-06,3.3739e-06,2.0212e-06,0.0028225,6.8787e-16,1.0649e-11,8.9022e-16,3.2571e-14
0.00073256,8.9272e-05,1.8007e-05,7.7745e-09,7.8641e-06,3.4368e-06,2.1043e-06,0.0028158,6.6683e-16,1.0612e-11,8.9568e-16,3.2771e-14
0.00072679,8.8649e-05,1.7938e-05,7.8575e-09,7.819e-06,3.4984e-06,2.1886e-06,0.0028092,6.4644e-16,1.0575e-11,9.0073e-16,3.2956e-14
0.00072108,8.8034e-05,1.787e-05,7.9395e-09,7.7741e-06,3.5587e-06,2.2741e-06,0.0028027,6.267e-16,1.0539e-11,9.0536e-16,3.3125e-14
0.00071542,8.7427e-05,1.7801e-05,8.0208e-09,7.7294e-06,3.6177e-06,2.3607e-06,0.0027962,6.0758e-16,1.0503e-11,9.0959e-16,3.328e-14
0.00070981,8.6827e-05,1.7732e-05,8.1011e-09,7.6849e-06,3.6753e-06,2.4484e-06,0.0027898,5.8905e-16,1.0468e-11,9.1342e-16,3.342e-14
0.00070425,8.6233e-05,1.7663e-05,8.1806e-09,7.6406e-06,3.7315e-06,2.5372e-06,0.0027834,5.711e-16,1.0433e-11,9.1685e-16,3.3545e-14
0.00069873,8.5646e-05,1.7593e-05,8.2593e-09,7.5964e-06,3.7864e-06,2.6271e-06,0.0027771,5.5371e-16,1.0399e-11,9.1989e-16,3.3656e-14
0.00069327,8.5065e-05,1.7524e-05,8.3371e-09,7.5524e-06,3.84e-06,2.718e-06,0.0027708,5.3685e-16,1.0365e-11,9.2254e-16,3.3753e-14
0.00068785,8.4489e-05,1.7454e-05,8.4141e-09,7.5086e-06,3.8921e-06,2.8098e-06,0.0027646,5.2052e-16,1.0331e-11,9.2481e-16,3.3836e-14
0.00068248,8.3919e-05,1.7384e-05,8.4904e-09,7.465e-06,3.9429e-06,2.9027e-06,0.0027584,5.047e-16,1.0298e-11,9.267e-16,3.3906e-14
0.00067716,8.3354e-05,1.7313e-05,8.5658e-09,7.4216e-06,3.9923e-06,2.9964e-06,0.0027523,4.8936e-16,1.0265e-11,9.2823e-16,3.3961e-14
0.00067187,8.2794e-05,1.7242e-05,8.6405e-09,7.3783e-06,4.0403e-06,3.091e-06,0.0027462,4.745e-16,1.0232e-11,9.2939e-16,3.4004e-14
0.00066664,8.2238e-05,1.7171e-05,8.7144e-09,7.3353e-06,4.0869e-06,3.1865e-06,0.0027402,4.6009e-16,1.02e-11,9.3019e-16,3.4033e-14
0.00066145,8.1687e-05,1.71e-05,8.7875e-09,7.2924e-06,4.1321e-06,3.2829e-06,0.0027342,4.4613e-16,1.0168e-11,9.3065e-16,3.405e-14
0.0006563,8.114e-05,1.7028e-05,8.8599e-09,7.2498e-06,4.1759e-06,3.38e-06,0.0027282,4.326e-16,1.0136e-11,9.3076e-16,3.4054e-14
0.00065119,8.0597e-05,1.6957e-05,8.9315e-09,7.2073e-06,4.2183e-06,3.4779e-06,0.0027224,4.1948e-16,1.0105e-11,9.3054e-16,3.4045e-14
0.00064613,8.0058e-05,1.6884e-05,9.0024e-09,7.1651e-06,4.2593e-06,3.5766e-06,0.0027165,4.0677e-16,1.0073e-11,9.2998e-16,3.4025e-14
0.0006411,7.9523e-05,1.6812e-05,9.0726e-09,7.1231e-06,4.2989e-06,3.6759e-06,0.0027107,3.9444e-16,1.0042e-11,9.2911e-16,3.3993e-14
0.00063612,7.8992e-05,1.6739e-05,9.142e-09,7.0813e-06,4.337e-06,3.7759e-06,0.0027049,3.825e-16,1.0011e-11,9.2792e-16,3.395e-14
0.00063118,7.8464e-05,1.6666e-05,9.2107e-09,7.0397e-06,4.3738e-06,3.8766e-06,0.0026992,3.7091e-16,9.9798e-12,9.2643e-16,3.3895e-14
0.00062628,7.794e-05,1.6593e-05,9.2787e-09,6.9983e-06,4.4092e-06,3.9779e-06,0.0026935,3.5969e-16,9.949e-12,9.2464e-16,3.383e-14
0.00062142,7.7418e-05,1.6519e-05,9.346e-09,6.9571e-06,4.4433e-06,4.0798e-06,0.0026879,3.4881e-16,9.9182e-12,9.2257e-16,3.3754e-14
0.0006166,7.69e-05,1.6445e-05,9.4126e-09,6.9162e-06,4.4759e-06,4.1823e-06,0.0026823,3.3826e-16,9.8876e-12,9.2021e-16,3.3667e-14
0.00061182,7.6385e-05,1.6371e-05,9.4785e-09,6.8755e-06,4.5071e-06,4.2853e-06,0.0026768,3.2803e-16,9.8571e-12,9.1759e-16,3.3571e-14
0.00060708,7.5874e-05,1.6297e-05,9.5437e-09,6.835e-06,4.537e-06,4.3888e-06,0.0026713,3.1812e-16,9.8266e-12,9.147e-16,3.3465e-14
0.00060238,7.5365e-05,1.6222e-05,9.6082e-09,6.7948e-06,4.5655e-06,4.4928e-06,0.0026658,3.085e-16,9.7961e-12,9.1156e-16,3.335e-14
0.00059771,7.4858e-05,1.6147e-05,9.6721e-09,6.7548e-06,4.5927e-06,4.5973e-06,0.0026604,2.9919e-16,9.7658e-12,9.0817e-16,3.3226e-14
0.00059309,7.4355e-05,1.6072e-05,9.7352e-09,6.7151e-06,4.6185e-06,4.7022e-06,0.002655,2.9015e-16,9.7354e-12,9.0455e-16,3.3094e-14
0.0005885,7.3854e-05,1.5996e-05,9.7977e-09,6.6756e-06,4.643e-06,4.8075e-06,0.0026496,2.814e-16,9.7051e-12,9.007e-16,3.2953e-14
0.00058395,7.3356e-05,1.5921e-05,9.8595e-09,6.6363e-06,4.6661e-06,4.9131e-06,0.0026443,2.7291e-16,9.6747e-12,8.9664e-16,3.2804e-14
0.00057944,7.2861e-05,1.5845e-05,9.9207e-09,6.5974e-06,4.688e-06,5.0192e-06,0.0026391,2.6468e-16,9.6444e-12,8.9237e-16,3.2648e-14
0.00057496,7.2368e-05,1.5769e-05,9.9812e-09,6.5586e-06,4.7085e-06,5.1255e-06,0.0026339,2.567e-16,9.614e-12,8.879e-16,3.2484e-14
0.00057053,7.1877e-05,1.5693e-05,1.0041e-08,6.5201e-06,4.7277e-06,5.2321e-06,0.0026287,2.4896e-16,9.5836e-12,8.8323e-16,3.2314e-14
0.00056612,7.1389e-05,1.5616e-05,1.01e-08,6.4819e-06,4.7457e-06,5.339e-06,0.0026235,2.4146e-16,9.5532e-12,8.7839e-16,3.2137e-14
0.00056176,7.0904e-05,1.5539e-05,1.0159e-08,6.4439e-06,4.7624e-06,5.4462e-06,0.0026184,2.3419e-16,9.5228e-12,8.7338e-16,3.1953e-14
0.00055743,7.042e-05,1.5463e-05,1.0217e-08,6.4062e-06,4.7779e-06,5.5536e-06,0.0026133,2.2714e-16,9.4923e-12,8.6821e-16,3.1764e-14
0.00055314,6.9939e-05,1.5386e-05,1.0274e-08,6.3688e-06,4.7921e-06,5.6612e-06,0.0026083,2.2031e-16,9.4617e-12,8.6288e-16,3.1569e-14
0.00054888,6.9461e-05,1.5308e-05,1.0331e-08,6.3317e-06,4.8052e-06,5.7689e-06,0.0026033,2.1368e-16,9.431e-12,8.5741e-16,3.1369e-14
0.00054466,6.8984e-05,1.5231e-05,1.0386e-08,6.2948e-06,4.817e-06,5.8768e-06,0.0025984,2.0726e-16,9.4003e-12,8.518e-16,3.1163e-14
0.00054047,6.851e-05,1.5154e-05,1.0442e-08,6.2581e-06,4.8276e-06,5.9849e-06,0.0025934,2.0103e-16,9.3695e-12,8.4606e-16,3.0953e-14
0.00053632,6.8038e-05,1.5076e-05,1.0497e-08,6.2218e-06,4.8371e-06,6.093e-06,0.0025886,1.9499e-16,9.3386e-12,8.402e-16,3.0739e-14
0.0005322,6.7568e-05,1.4998e-05,1.0551e-08,6.1857e-06,4.8455e-06,6.2013e-06,0.0025837,1.8914e-16,9.3076e-12,8.3423e-16,3.0521e-14
0.00052812,6.71e-05,1.4921e-05,1.0604e-08,6.1499e-06,4.8527e-06,6.3096e-06,0.0025789,1.8346e-16,9.2765e-12,8.2816e-16,3.0299e-14
0.00052407,6.6634e-05,1.4843e-05,1.0657e-08,6.1144e-06,4.8588e-06,6.418e-06,0.0025741,1.7796e-16,9.2453e-12,8.2199e-16,3.0073e-14
0.00052005,6.6171e-05,1.4765e-05,1.0709e-08,6.0792e-06,4.8638e-06,6.5263e-06,0.0025694,1.7262e-16,9.2139e-12,8.1574e-16,2.9844e-14
0.00051607,6.5709e-05,1.4687e-05,1.0761e-08,6.0442e-06,4.8678e-06,6.6347e-06,0.0025647,1.6745e-16,9.1825e-12,8.094e-16,2.9612e-14
0.00051213,6.525e-05,1.4609e-05,1.0812e-08,6.0095e-06,4.8707e-06,6.7431e-06,0.0025601,1.6244e-16,9.1509e-12,8.0299e-16,2.9378e-14
0.00050821,6.4792e-05,1.453e-05,1.0863e-08,5.9751e-06,4.8727e-06,6.8514e-06,0.0025554,1.5757e-16,9.1191e-12,7.9652e-16,2.9141e-14
0.00050433,6.4337e-05,1.4452e-05,1.0912e-08,5.941e-06,4.8736e-06,6.9597e-06,0.0025508,1.5286e-16,9.0873e-12,7.8998e-16,2.8902e-14
0.00050048,6.3883e-05,1.4374e-05,1.0962e-08,5.9072e-06,4.8735e-06,7.0679e-06,0.0025463,1.4829e-16,9.0552e-12,7.834e-16,2.8661e-14
0.00049667,6.3432e-05,1.4296e-05,1.101e-08,5.8737e-06,4.8725e-06,7.1761e-06,0.0025418,1.4386e-16,9.0231e-12,7.7676e-16,2.8418e-14
0.00049289,6.2982e-05,1.4217e-05,1.1059e-08,5.8404e-06,4.8705e-06,7.2841e-06,0.0025373,1.3956e-16,8.9907e-12,7.7009e-16,2.8174e-14
0.00048914,6.2535e-05,1.4139e-05,1.1106e-08,5.8074e-06,4.8676e-06,7.392e-06,0.0025328,1.354e-16,8.9582e-12,7.6338e-16,2.7928e-14
0.00048542,6.2089e-05,1.4061e-05,1.1153e-08,5.7747e-06,4.8638e-06,7.4997e-06,0.0025284,1.3136e-16,8.9256e-12,7.5664e-16,2.7682e-14
0.00048173,6.1645e-05,1.3982e-05,1.12e-08,5.7423e-06,4.8592e-06,7.6073e-06,0.0025241,1.2745e-16,8.8927e-12,7.4989e-16,2.7435e-14
0.00047808,6.1203e-05,1.3904e-05,1.1245e-08,5.7102e-06,4.8537e-06,7.7147e-06,0.0025197,1.2365e-16,8.8597e-12,7.4311e-16,2.7187e-14
0.00047446,6.0763e-05,1.3826e-05,1.1291e-08,5.6784e-06,4.8474e-06,7.822e-06,0.0025154,1.1997e-16,8.8266e-12,7.3632e-16,2.6938e-14
0.00047086,6.0325e-05,1.3747e-05,1.1335e-08,5.6469e-06,4.8403e-06,7.929e-06,0.0025111,1.1641e-16,8.7932e-12,7.2952e-16,2.669e-14
0.0004673,5.9889e-05,1.3669e-05,1.138e-08,5.6156e-06,4.8324e-06,8.0358e-06,0.0025069,1.1295e-16,8.7597e-12,7.2272e-16,2.6441e-14
0.00046377,5.9455e-05,1.3591e-05,1.1423e-08,5.5847e-06,4.8237e-06,8.1424e-06,0.0025027,1.0959e-16,8.7259e-12,7.1592e-16,2.6192e-14
0.00046027,5.9023e-05,1.3513e-05,1.1466e-08,5.554e-06,4.8143e-06,8.2487e-06,0.0024985,1.0634e-16,8.692e-12,7.0912e-16,2.5943e-14
0.00045681,5.8592e-05,1.3435e-05,1.1509e-08,5.5236e-06,4.8042e-06,8.3548e-06,0.0024944,1.0319e-16,8.6579e-12,7.0234e-16,2.5695e-14
0.00045337,5.8164e-05,1.3357e-05,1.1551e-08,5.4935e-06,4.7934e-06,8.4606e-06,0.0024902,1.0013e-16,8.6236e-12,6.9557e-16,2.5447e-14
0.00044996,5.7737e-05,1.3279e-05,1.1592e-08,5.4637e-06,4.7819e-06,8.5661e-06,0.0024862,9.7172e-17,8.5891e-12,6.8881e-16,2.52e-14
0.00044658,5.7312e-05,1.3201e-05,1.1633e-08,5.4341e-06,4.7698e-06,8.6714e-06,0.0024821,9.4299e-17,8.5544e-12,6.8207e-16,2.4954e-14
0.00044323,5.6889e-05,1.3123e-05,1.1674e-08,5.4049e-06,4.757e-06,8.7763e-06,0.0024781,9.1514e-17,8.5195e-12,6.7536e-16,2.4708e-14
0.00043991,5.6468e-05,1.3046e-05,1.1714e-08,5.3759e-06,4.7437e-06,8.8809e-06,0.0024741,8.8814e-17,8.4844e-12,6.6867e-16,2.4463e-14
0.00043662,5.6048e-05,1.2968e-05,1.1753e-08,5.3473e-06,4.7297e-06,8.9851e-06,0.0024702,8.6196e-17,8.449e-12,6.6201e-16,2.422e-14
0.00043336,5.5631e-05,1.2891e-05,1.1792e-08,5.3189e-06,4.7152e-06,9.0891e-06,0.0024663,8.3658e-17,8.4135e-12,6.5539e-16,2.3977e-14
0.00043013,5.5215e-05,1.2813e-05,1.183e-08,5.2907e-06,4.7001e-06,9.1926e-06,0.0024624,8.1197e-17,8.3778e-12,6.4879e-16,2.3736e-14
0.00042692,5.4801e-05,1.2736e-05,1.1868e-08,5.2629e-06,4.6845e-06,9.2959e-06,0.0024586,7.8812e-17,8.3419e-12,6.4224e-16,2.3496e-14
0.00042375,5.4389e-05,1.2659e-05,1.1905e-08,5.2354e-06,4.6684e-06,9.3987e-06,0.0024547,7.6499e-17,8.3057e-12,6.3572e-16,2.3258e-14
0.0004206,5.3978e-05,1.2582e-05,1.1942e-08,5.2081e-06,4.6518e-06,9.5012e-06,0.0024509,7.4256e-17,8.2694e-12,6.2924e-16,2.3021e-14
0.00041748,5.357e-05,1.2506e-05,1.1979e-08,5.1811e-06,4.6348e-06,9.6033e-06,0.0024472,7.2082e-17,8.2328e-12,6.2281e-16,2.2785e-14
0.00041439,5.3163e-05,1.2429e-05,1.2015e-08,5.1544e-06,4.6173e-06,9.705e-06,0.0024435,6.9974e-17,8.196e-12,6.1642e-16,2.2552e-14
0.00041133,5.2758e-05,1.2353e-05,1.205e-08,5.128e-06,4.5993e-06,9.8062e-06,0.0024398,6.7931e-17,8.159e-12,6.1007e-16,2.2319e-14
0.00040829,5.2355e-05,1.2277e-05,1.2085e-08,5.1018e-06,4.581e-06,9.9071e-06,0.0024361,6.5949e-17,8.1218e-12,6.0377e-16,2.2089e-14
0.00040528,5.1954e-05,1.2201e-05,1.212e-08,5.076e-06,4.5622e-06,1.0008e-05,0.0024325,6.4028e-17,8.0844e-12,5.9752e-16,2.186e-14
0.0004023,5.1555e-05,1.2125e-05,1.2154e-08,5.0504e-06,4.5431e-06,1.0108e-05,0.0024289,6.2166e-17,8.0467e-12,5.9132e-16,2.1634e-14
0.00039935,5.1157e-05,1.2049e-05,1.2187e-08,5.025e-06,4.5236e-06,1.0207e-05,0.0024253,6.036e-17,8.0089e-12,5.8517e-16,2.1409e-14
0.00039642,5.0761e-05,1.1974e-05,1.222e-08,5e-06,4.5037e-06,1.0306e-05,0.0024217,5.8609e-17,7.9708e-12,5.7907e-16,2.1185e-14
0.00039352,5.0367e-05,1.1898e-05,1.2253e-08,4.9752e-06,4.4836e-06,1.0405e-05,0.0024182,5.6912e-17,7.9326e-12,5.7303e-16,2.0964e-14
0.00039064,4.9974e-05,1.1823e-05,1.2285e-08,4.9507e-06,4.4631e-06,1.0503e-05,0.0024147,5.5266e-17,7.8941e-12,5.6703e-16,2.0745e-14
0.00038779,4.9584e-05,1.1748e-05,1.2317e-08,4.9264e-06,4.4423e-06,1.0601e-05,0.0024113,5.3671e-17,7.8554e-12,5.611e-16,2.0528e-14
0.00038497,4.9195e-05,1.1674e-05,1.2348e-08,4.9025e-06,4.4212e-06,1.0698e-05,0.0024079,5.2124e-17,7.8165e-12,5.5521e-16,2.0313e-14
0.00038217,4.8808e-05,1.1599e-05,1.2379e-08,4.8788e-06,4.3999e-06,1.0795e-05,0.0024045,5.0625e-17,7.7773e-12,5.4938e-16,2.0099e-14
0.0003794,4.8423e-05,1.1525e-05,1.241e-08,4.8553e-06,4.3783e-06,1.0892e-05,0.0024011,4.9171e-17,7.738e-12,5.4361e-16,1.9888e-14
0.00037666,4.8039e-05,1.1451e-05,1.244e-08,4.8321e-06,4.3565e-06,1.0988e-05,0.0023977,4.7761e-17,7.6985e-12,5.3789e-16,1.9679e-14
0.00037394,4.7657e-05,1.1378e-05,1.247e-08,4.8092e-06,4.3344e-06,1.1083e-05,0.0023944,4.6394e-17,7.6587e-12,5.3223e-16,1.9472e-14
0.00037124,4.7277e-05,1.1304e-05,1.2499e-08,4.7866e-06,4.3122e-06,1.1178e-05,0.0023911,4.5069e-17,7.6188e-12,5.2663e-16,1.9267e-14
0.00036857,4.6899e-05,1.1231e-05,1.2528e-08,4.7642e-06,4.2897e-06,1.1272e-05,0.0023879,4.3785e-17,7.5786e-12,5.2108e-16,1.9064e-14
0.00036592,4.6523e-05,1.1158e-05,1.2556e-08,4.7421e-06,4.2671e-06,1.1366e-05,0.0023847,4.2539e-17,7.5383e-12,5.1559e-16,1.8863e-14
0.0003633,4.6148e-05,1.1085e-05,1.2584e-08,4.7202e-06,4.2442e-06,1.146e-05,0.0023815,4.1332e-17,7.4977e-12,5.1016e-16,1.8664e-14
0.00036071,4.5775e-05,1.1013e-05,1.2612e-08,4.6986e-06,4.2212e-06,1.1553e-05,0.0023783,4.0161e-17,7.4569e-12,5.0478e-16,1.8468e-14
0.00035813,4.5404e-05,1.0941e-05,1.2639e-08,4.6772e-06,4.1981e-06,1.1645e-05,0.0023751,3.9026e-17,7.416e-12,4.9946e-16,1.8273e-14
0.00035559,4.5034e-05,1.0869e-05,1.2666e-08,4.6561e-06,4.1748e-06,1.1737e-05,0.002372,3.7925e-17,7.3748e-12,4.942e-16,1.8081e-14
0.00035306,4.4666e-05,1.0797e-05,1.2692e-08,4.6352e-06,4.1514e-06,1.1829e-05,0.0023689,3.6858e-17,7.3335e-12,4.89e-16,1.789e-14
0.00035056,4.43e-05,1.0726e-05,1.2718e-08,4.6146e-06,4.1279e-06,1.192e-05,0.0023659,3.5824e-17,7.2919e-12,4.8385e-16,1.7702e-14
0.00034808,4.3936e-05,1.0654e-05,1.2744e-08,4.5943e-06,4.1042e-06,1.201e-05,0.0023628,3.4821e-17,7.2502e-12,4.7876e-16,1.7516e-14
0.00034563,4.3573e-05,1.0584e-05,1.277e-08,4.5742e-06,4.0805e-06,1.21e-05,0.0023598,3.3849e-17,7.2083e-12,4.7372e-16,1.7331e-14
0.0003432,4.3212e-05,1.0513e-05,1.2795e-08,4.5543e-06,4.0567e-06,1.219e-05,0.0023568,3.2906e-17,7.1662e-12,4.6874e-16,1.7149e-14
0.00034079,4.2853e-05,1.0443e-05,1.2819e-08,4.5347e-06,4.0328e-06,1.2278e-05,0.0023539,3.1992e-17,7.1239e-12,4.6382e-16,1.6969e-14
0.0003384,4.2495e-05,1.0373e-05,1.2843e-08,4.5153e-06,4.0088e-06,1.2367e-05,0.0023509,3.1106e-17,7.0814e-12,4.5895e-16,1.6791e-14
0.00033604,4.214e-05,1.0303e-05,1.2867e-08,4.4962e-06,3.9848e-06,1.2455e-05,0.002348,3.0247e-17,7.0388e-12,4.5414e-16,1.6615e-14
0.0003337,4.1786e-05,1.0234e-05,1.2891e-08,4.4773e-06,3.9607e-06,1.2542e-05,0.0023451,2.9414e-17,6.996e-12,4.4938e-16,1.6441e-14
0.00033139,4.1433e-05,1.0164e-05,1.2914e-08,4.4586e-06,3.9365e-06,1.2629e-05,0.0023423,2.8607e-17,6.953e-12,4.4468e-16,1.6269e-14
0.00032909,4.1083e-05,1.0096e-05,1.2937e-08,4.4402e-06,3.9124e-06,1.2715e-05,0.0023394,2.7824e-17,6.9098e-12,4.4003e-16,1.6099e-14
0.00032682,4.0734e-05,1.0027e-05,1.296e-08,4.422e-06,3.8882e-06,1.2801e-05,0.0023366,2.7065e-17,6.8665e-12,4.3543e-16,1.5931e-14
0.00032457,4.0386e-05,9.9588e-06,1.2982e-08,4.4041e-06,3.8639e-06,1.2886e-05,0.0023338,2.6329e-17,6.823e-12,4.3089e-16,1.5765e-14
0.00032234,4.0041e-05,9.8909e-06,1.3004e-08,4.3863e-06,3.8397e-06,1.2971e-05,0.0023311,2.5616e-17,6.7794e-12,4.264e-16,1.56e-14
0.00032013,3.9697e-05,9.8232e-06,1.3026e-08,4.3688e-06,3.8155e-06,1.3055e-05,0.0023283,2.4924e-17,6.7356e-12,4.2197e-16,1.5438e-14
0.00031794,3.9354e-05,9.7559e-06,1.3047e-08,4.3516e-06,3.7912e-06,1.3139e-05,0.0023256,2.4253e-17,6.6916e-12,4.1758e-16,1.5278e-14
0.00031578,3.9014e-05,9.6889e-06,1.3068e-08,4.3345e-06,3.767e-06,1.3222e-05,0.002323,2.3603e-17,6.6475e-12,4.1325e-16,1.5119e-14
0.00031363,3.8675e-05,9.6222e-06,1.3088e-08,4.3177e-06,3.7427e-06,1.3304e-05,0.0023203,2.2973e-17,6.6033e-12,4.0897e-16,1.4963e-14
0.00031151,3.8337e-05,9.5558e-06,1.3109e-08,4.3011e-06,3.7185e-06,1.3386e-05,0.0023177,2.2362e-17,6.5589e-12,4.0474e-16,1.4808e-14
0.00030941,3.8002e-05,9.4897e-06,1.3129e-08,4.2848e-06,3.6943e-06,1.3468e-05,0.002315,2.1769e-17,6.5144e-12,4.0056e-16,1.4655e-14
0.00030733,3.7668e-05,9.424e-06,1.3149e-08,4.2686e-06,3.6702e-06,1.3549e-05,0.0023124,2.1195e-17,6.4697e-12,3.9642e-16,1.4504e-14
0.00030527,3.7335e-05,9.3586e-06,1.3168e-08,4.2527e-06,3.6461e-06,1.3629e-05,0.0023099,2.0638e-17,6.4249e-12,3.9234e-16,1.4354e-14
0.00030323,3.7005e-05,9.2934e-06,1.3187e-08,4.237e-06,3.622e-06,1.3709e-05,0.0023073,2.0098e-17,6.38e-12,3.8831e-16,1.4207e-14
0.00030121,3.6676e-05,9.2286e-06,1.3206e-08,4.2215e-06,3.5979e-06,1.3789e-05,0.0023048,1.9574e-17,6.3349e-12,3.8432e-16,1.4061e-14
0.00029921,3.6348e-05,9.1642e-06,1.3225e-08,4.2062e-06,3.5739e-06,1.3868e-05,0.0023023,1.9067e-17,6.2898e-12,3.8038e-16,1.3917e-14
0.00029723,3.6022e-05,9.1e-06,1.3243e-08,4.1911e-06,3.55e-06,1.3946e-05,0.0022998,1.8575e-17,6.2445e-12,3.7649e-16,1.3775e-14
0.00029527,3.5698e-05,9.0362e-06,1.3261e-08,4.1762e-06,3.5261e-06,1.4024e-05,0.0022974,1.8098e-17,6.1991e-12,3.7265e-16,1.3634e-14
0.00029333,3.5375e-05,8.9727e-06,1.3279e-08,4.1616e-06,3.5023e-06,1.4101e-05,0.002295,1.7635e-17,6.1536e-12,3.6885e-16,1.3495e-14
0.00029141,3.5054e-05,8.9095e-06,1.3296e-08,4.1471e-06,3.4785e-06,1.4178e-05,0.0022926,1.7187e-17,6.108e-12,3.6509e-16,1.3358e-14
0.0002895,3.4735e-05,8.8467e-06,1.3314e-08,4.1328e-06,3.4548e-06,1.4255e-05,0.0022902,1.6752e-17,6.0623e-12,3.6139e-16,1.3222e-14
0.00028762,3.4417e-05,8.7841e-06,1.3331e-08,4.1188e-06,3.4312e-06,1.433e-05,0.0022878,1.633e-17,6.0165e-12,3.5772e-16,1.3088e-14
0.00028576,3.4101e-05,8.7219e-06,1.3347e-08,4.1049e-06,3.4077e-06,1.4406e-05,0.0022855,1.5922e-17,5.9706e-12,3.541e-16,1.2956e-14
0.00028392,3.3786e-05,8.6601e-06,1.3364e-08,4.0913e-06,3.3842e-06,1.4481e-05,0.0022832,1.5526e-17,5.9247e-12,3.5053e-16,1.2825e-14
0.00028209,3.3473e-05,8.5985e-06,1.338e-08,4.0778e-06,3.3608e-06,1.4555e-05,0.0022809,1.5142e-17,5.8786e-12,3.4699e-16,1.2695e-14
0.00028028,3.3162e-05,8.5373e-06,1.3396e-08,4.0645e-06,3.3375e-06,1.4629e-05,0.0022786,1.4769e-17,5.8325e-12,3.435e-16,1.2568e-14
0.0002785,3.2852e-05,8.4764e-06,1.3412e-08,4.0515e-06,3.3143e-06,1.4702e-05,0.0022763,1.4408e-17,5.7863e-12,3.4005e-16,1.2442e-14
0.00027673,3.2544e-05,8.4159e-06,1.3427e-08,4.0386e-06,3.2912e-06,1.4775e-05,0.0022741,1.4058e-17,5.74e-12,3.3665e-16,1.2317e-14
0.00027497,3.2237e-05,8.3557e-06,1.3442e-08,4.0259e-06,3.2682e-06,1.4847e-05,0.0022719,1.3719e-17,5.6937e-12,3.3328e-16,1.2194e-14
0.00027324,3.1932e-05,8.2958e-06,1.3457e-08,4.0133e-06,3.2453e-06,1.4919e-05,0.0022697,1.339e-17,5.6473e-12,3.2995e-16,1.2072e-14
0.00027153,3.1628e-05,8.2363e-06,1.3472e-08,4.001e-06,3.2225e-06,1.499e-05,0.0022675,1.3071e-17,5.6009e-12,3.2667e-16,1.1952e-14
0.00026983,3.1326e-05,8.177e-06,1.3487e-08,3.9889e-06,3.1998e-06,1.5061e-05,0.0022654,1.2761e-17,5.5544e-12,3.2342e-16,1.1833e-14
0.00026815,3.1025e-05,8.1181e-06,1.3501e-08,3.9769e-06,3.1772e-06,1.5131e-05,0.0022632,1.2462e-17,5.5079e-12,3.2021e-16,1.1716e-14
0.00026649,3.0726e-05,8.0596e-06,1.3515e-08,3.9651e-06,3.1547e-06,1.5201e-05,0.0022611,1.2171e-17,5.4613e-12,3.1704e-16,1.16e-14
0.00026485,3.0429e-05,8.0014e-06,1.3529e-08,3.9535e-06,3.1323e-06,1.527e-05,0.0022591,1.1889e-17,5.4147e-12,3.1391e-16,1.1485e-14
0.00026322,3.0133e-05,7.9435e-06,1.3543e-08,3.942e-06,3.11e-06,1.5339e-05,0.002257,1.1616e-17,5.3681e-12,3.1082e-16,1.1372e-14
0.00026161,2.9838e-05,7.8859e-06,1.3556e-08,3.9307e-06,3.0878e-06,1.5407e-05,0.0022549,1.1351e-17,5.3214e-12,3.0776e-16,1.126e-14
0.00026002,2.9545e-05,7.8287e-06,1.3569e-08,3.9196e-06,3.0657e-06,1.5475e-05,0.0022529,1.1094e-17,5.2748e-12,3.0474e-16,1.115e-14
0.00025844,2.9254e-05,7.7718e-06,1.3582e-08,3.9087e-06,3.0438e-06,1.5542e-05,0.0022509,1.0845e-17,5.2281e-12,3.0176e-16,1.1041e-14
0.00025688,2.8964e-05,7.7152e-06,1.3595e-08,3.8979e-06,3.0219e-06,1.5609e-05,0.0022489,1.0604e-17,5.1814e-12,2.9881e-16,1.0933e-14
0.00025534,2.8675e-05,7.659e-06,1.3608e-08,3.8873e-06,3.0002e-06,1.5676e-05,0.0022469,1.037e-17,5.1347e-12,2.959e-16,1.0826e-14
0.00025382,2.8388e-05,7.6031e-06,1.362e-08,3.8768e-06,2.9786e-06,1.5742e-05,0.002245,1.0143e-17,5.088e-12,2.9302e-16,1.0721e-14
0.00025231,2.8103e-05,7.5475e-06,1.3632e-08,3.8665e-06,2.9572e-06,1.5807e-05,0.0022431,9.9231e-18,5.0414e-12,2.9017e-16,1.0617e-14
0.00025082,2.7819e-05,7.4923e-06,1.3644e-08,3.8564e-06,2.9358e-06,1.5872e-05,0.0022412,9.7098e-18,4.9947e-12,2.8736e-16,1.0514e-14
0.00024934,2.7536e-05,7.4374e-06,1.3656e-08,3.8464e-06,2.9146e-06,1.5937e-05,0.0022393,9.5031e-18,4.9481e-12,2.8459e-16,1.0413e-14
0.00024789,2.7255e-05,7.3828e-06,1.3668e-08,3.8365e-06,2.8935e-06,1.6001e-05,0.0022374,9.3026e-18,4.9014e-12,2.8184e-16,1.0312e-14
0.00024644,2.6975e-05,7.3286e-06,1.3679e-08,3.8268e-06,2.8725e-06,1.6064e-05,0.0022355,9.1083e-18,4.8548e-12,2.7913e-16,1.0213e-14
0.00024502,2.6697e-05,7.2747e-06,1.3691e-08,3.8173e-06,2.8516e-06,1.6127e-05,0.0022337,8.9199e-18,4.8083e-12,2.7645e-16,1.0115e-14
0.00024361,2.642e-05,7.2211e-06,1.3702e-08,3.8079e-06,2.8309e-06,1.619e-05,0.0022319,8.7373e-18,4.7617e-12,2.7381e-16,1.0018e-14
0.00024221,2.6145e-05,7.1678e-06,1.3712e-08,3.7986e-06,2.8103e-06,1.6252e-05,0.0022301,8.5602e-18,4.7153e-12,2.7119e-16,9.9226e-15
0.00024083,2.5871e-05,7.1149e-06,1.3723e-08,3.7895e-06,2.7898e-06,1.6314e-05,0.0022283,8.3885e-18,4.6688e-12,2.6861e-16,9.8281e-15
0.00023947,2.5599e-05,7.0623e-06,1.3734e-08,3.7805e-06,2.7694e-06,1.6375e-05,0.0022265,8.2221e-18,4.6225e-12,2.6605e-16,9.7347e-15
0.00023812,2.5328e-05,7.01e-06,1.3744e-08,3.7716e-06,2.7492e-06,1.6436e-05,0.0022248,8.0607e-18,4.5761e-12,2.6353e-16,9.6423e-15
0.00023679,2.5058e-05,6.958e-06,1.3754e-08,3.7629e-06,2.7291e-06,1.6497e-05,0.0022231,7.9043e-18,4.5299e-12,2.6103e-16,9.5511e-15
0.00023547,2.479e-05,6.9064e-06,1.3764e-08,3.7543e-06,2.7092e-06,1.6557e-05,0.0022214,7.7526e-18,4.4837e-12,2.5857e-16,9.4609e-15
0.00023417,2.4524e-05,6.8551e-06,1.3774e-08,3.7458e-06,2.6893e-06,1.6616e-05,0.0022197,7.6056e-18,4.4376e-12,2.5613e-16,9.3718e-15
0.00023288,2.4258e-05,6.8041e-06,1.3784e-08,3.7374e-06,2.6696e-06,1.6675e-05,0.002218,7.463e-18,4.3916e-12,2.5373e-16,9.2838e-15
0.00023161,2.3994e-05,6.7534e-06,1.3793e-08,3.7292e-06,2.65e-06,1.6734e-05,0.0022163,7.3248e-18,4.3457e-12,2.5135e-16,9.1968e-15
0.00023035,2.3732e-05,6.7031e-06,1.3802e-08,3.721e-06,2.6306e-06,1.6792e-05,0.0022147,7.1909e-18,4.2998e-12,2.49e-16,9.1108e-15
0.00022911,2.3471e-05,6.653e-06,1.3812e-08,3.713e-06,2.6113e-06,1.685e-05,0.0022131,7.061e-18,4.2541e-12,2.4667e-16,9.0258e-15
0.00022788,2.3211e-05,6.6033e-06,1.3821e-08,3.7051e-06,2.5921e-06,1.6908e-05,0.0022115,6.9351e-18,4.2084e-12,2.4438e-16,8.9418e-15
0.00022667,2.2953e-05,6.5539e-06,1.3829e-08,3.6973e-06,2.573e-06,1.6965e-05,0.0022099,6.813e-18,4.1629e-12,2.4211e-16,8.8588e-15
0.00022547,2.2696e-05,6.5049e-06,1.3838e-08,3.6896e-06,2.5541e-06,1.7021e-05,0.0022083,6.6946e-18,4.1175e-12,2.3986e-16,8.7768e-15
0.00022428,2.2441e-05,6.4561e-06,1.3847e-08,3.682e-06,2.5353e-06,1.7078e-05,0.0022068,6.5799e-18,4.0721e-12,2.3765e-16,8.6957e-15
0.00022311,2.2186e-05,6.4077e-06,1.3855e-08,3.6745e-06,2.5167e-06,1.7133e-05,0.0022052,6.4687e-18,4.027e-12,2.3546e-16,8.6155e-15
0.00022196,2.1934e-05,6.3595e-06,1.3863e-08,3.6671e-06,2.4982e-06,1.7189e-05,0.0022037,6.3608e-18,3.9819e-12,2.3329e-16,8.5363e-15
0.00022081,2.1682e-05,6.3117e-06,1.3871e-08,3.6598e-06,2.4798e-06,1.7244e-05,0.0022022,6.2563e-18,3.937e-12,2.3115e-16,8.458e-15
0.00021969,2.1432e-05,6.2642e-06,1.3879e-08,3.6526e-06,2.4615e-06,1.7298e-05,0.0022007,6.1549e-18,3.8922e-12,2.2904e-16,8.3807e-15
0.00021857,2.1184e-05,6.217e-06,1.3887e-08,3.6455e-06,2.4434e-06,1.7352e-05,0.0021993,6.0567e-18,3.8475e-12,2.2695e-16,8.3042e-15
0.00021747,2.0937e-05,6.1701e-06,1.3894e-08,3.6384e-06,2.4254e-06,1.7406e-05,0.0021978,5.9614e-18,3.803e-12,2.2488e-16,8.2286e-15
0.00021638,2.0691e-05,6.1236e-06,1.3902e-08,3.6314e-06,2.4075e-06,1.7459e-05,0.0021964,5.8691e-18,3.7587e-12,2.2284e-16,8.1539e-15
0.00021531,2.0446e-05,6.0773e-06,1.3909e-08,3.6245e-06,2.3897e-06,1.7512e-05,0.0021949,5.7795e-18,3.7145e-12,2.2082e-16,8.08e-15
0.00021425,2.0203e-05,6.0313e-06,1.3916e-08,3.6177e-06,2.3721e-06,1.7565e-05,0.0021935,5.6928e-18,3.6705e-12,2.1882e-16,8.007e-15
0.0002132,1.9961e-05,5.9857e-06,1.3923e-08,3.6109e-06,2.3547e-06,1.7617e-05,0.0021921,5.6086e-18,3.6266e-12,2.1685e-16,7.9348e-15
0.00021217,1.9721e-05,5.9403e-06,1.393e-08,3.6042e-06,2.3373e-06,1.7669e-05,0.0021908,5.5271e-18,3.583e-12,2.149e-16,7.8635e-15
0.00021115,1.9482e-05,5.8953e-06,1.3937e-08,3.5976e-06,2.3201e-06,1.772e-05,0.0021894,5.448e-18,3.5395e-12,2.1297e-16,7.793e-15
0.00021014,1.9244e-05,5.8506e-06,1.3943e-08,3.591e-06,2.303e-06,1.7772e-05,0.0021881,5.3713e-18,3.4961e-12,2.1106e-16,7.7233e-15
0.00020915,1.9008e-05,5.8061e-06,1.395e-08,3.5845e-06,2.286e-06,1.7822e-05,0.0021867,5.297e-18,3.453e-12,2.0918e-16,7.6544e-15
0.00020816,1.8773e-05,5.762e-06,1.3956e-08,3.578e-06,2.2692e-06,1.7873e-05,0.0021854,5.225e-18,3.41e-12,2.0732e-16,7.5862e-15
0.0002072,1.8539e-05,5.7181e-06,1.3962e-08,3.5715e-06,2.2525e-06,1.7922e-05,0.0021841,5.1551e-18,3.3673e-12,2.0548e-16,7.5189e-15
0.00020624,1.8307e-05,5.6746e-06,1.3968e-08,3.5652e-06,2.2359e-06,1.7972e-05,0.0021828,5.0874e-18,3.3247e-12,2.0366e-16,7.4523e-15
0.0002053,1.8076e-05,5.6313e-06,1.3974e-08,3.5588e-06,2.2194e-06,1.8021e-05,0.0021816,5.0218e-18,3.2824e-12,2.0186e-16,7.3865e-15
0.00020437,1.7846e-05,5.5884e-06,1.398e-08,3.5525e-06,2.2031e-06,1.807e-05,0.0021803,4.9582e-18,3.2403e-12,2.0008e-16,7.3214e-15
0.00020345,1.7618e-05,5.5457e-06,1.3986e-08,3.5462e-06,2.1869e-06,1.8119e-05,0.0021791,4.8965e-18,3.1984e-12,1.9832e-16,7.2571e-15
0.00020254,1.7391e-05,5.5033e-06,1.3991e-08,3.5399e-06,2.1708e-06,1.8167e-05,0.0021778,4.8367e-18,3.1566e-12,1.9658e-16,7.1935e-15
0.00020165,1.7165e-05,5.4613e-06,1.3996e-08,3.5337e-06,2.1549e-06,1.8215e-05,0.0021766,4.7787e-18,3.1152e-12,1.9486e-16,7.1306e-15
0.00020077,1.6941e-05,5.4195e-06,1.4001e-08,3.5274e-06,2.139e-06,1.8262e-05,0.0021754,4.7225e-18,3.0739e-12,1.9316e-16,7.0684e-15
0.0001999,1.6718e-05,5.378e-06,1.4006e-08,3.5212e-06,2.1233e-06,1.8309e-05,0.0021742,4.6681e-18,3.0329e-12,1.9148e-16,7.007e-15
0.00019904,1.6497e-05,5.3368e-06,1.4011e-08,3.515e-06,2.1077e-06,1.8356e-05,0.0021731,4.6153e-18,2.9921e-12,1.8982e-16,6.9462e-15
0.00019819,1.6277e-05,5.2958e-06,1.4016e-08,3.5088e-06,2.0923e-06,1.8402e-05,0.0021719,4.5641e-18,2.9516e-12,1.8818e-16,6.8861e-15
0.00019736,1.6058e-05,5.2552e-06,1.4021e-08,3.5026e-06,2.0769e-06,1.8448e-05,0.0021708,4.5144e-18,2.9112e-12,1.8655e-16,6.8267e-15
0.00019654,1.584e-05,5.2148e-06,1.4025e-08,3.4964e-06,2.0617e-06,1.8494e-05,0.0021697,4.4663e-18,2.8712e-12,1.8495e-16,6.768e-15
0.00019573,1.5624e-05,5.1747e-06,1.403e-08,3.4901e-06,2.0466e-06,1.8539e-05,0.0021685,4.4197e-18,2.8314e-12,1.8336e-16,6.7099e-15
0.00019493,1.541e-05,5.1349e-06,1.4034e-08,3.4839e-06,2.0316e-06,1.8585e-05,0.0021674,4.3745e-18,2.7918e-12,1.8179e-16,6.6524e-15
0.00019414,1.5196e-05,5.0954e-06,1.4038e-08,3.4776e-06,2.0168e-06,1.8629e-05,0.0021664,4.3307e-18,2.7525e-12,1.8024e-16,6.5957e-15
0.00019336,1.4984e-05,5.0562e-06,1.4042e-08,3.4714e-06,2.002e-06,1.8674e-05,0.0021653,4.2882e-18,2.7135e-12,1.787e-16,6.5395e-15
0.0001926,1.4774e-05,5.0172e-06,1.4046e-08,3.465e-06,1.9874e-06,1.8718e-05,0.0021642,4.2471e-18,2.6747e-12,1.7718e-16,6.484e-15
0.00019185,1.4564e-05,4.9785e-06,1.4049e-08,3.4587e-06,1.9729e-06,1.8762e-05,0.0021632,4.2072e-18,2.6362e-12,1.7568e-16,6.4291e-15
0.0001911,1.4356e-05,4.9401e-06,1.4053e-08,3.4523e-06,1.9585e-06,1.8805e-05,0.0021621,4.1685e-18,2.598e-12,1.742e-16,6.3748e-15
0.00019037,1.415e-05,4.9019e-06,1.4056e-08,3.4459e-06,1.9443e-06,1.8848e-05,0.0021611,4.131e-18,2.56e-12,1.7273e-16,6.3211e-15
0.00018965,1.3945e-05,4.8641e-06,1.4059e-08,3.4394e-06,1.9301e-06,1.8891e-05,0.0021601,4.0946e-18,2.5223e-12,1.7128e-16,6.268e-15
0.00018894,1.3741e-05,4.8265e-06,1.4063e-08,3.4329e-06,1.9161e-06,1.8934e-05,0.0021591,4.0594e-18,2.4849e-12,1.6984e-16,6.2154e-15
0.00018824,1.3538e-05,4.7891e-06,1.4066e-08,3.4263e-06,1.9021e-06,1.8976e-05,0.0021581,4.0252e-18,2.4478e-12,1.6842e-16,6.1635e-15
0.00018756,1.3337e-05,4.7521e-06,1.4068e-08,3.4196e-06,1.8883e-06,1.9018e-05,0.0021572,3.9921e-18,2.411e-12,1.6702e-16,6.1122e-15
0.00018688,1.3138e-05,4.7152e-06,1.4071e-08,3.4129e-06,1.8746e-06,1.9059e-05,0.0021562,3.9601e-18,2.3744e-12,1.6563e-16,6.0614e-15
0.00018621,1.294e-05,4.6787e-06,1.4074e-08,3.4061e-06,1.861e-06,1.9101e-05,0.0021553,3.929e-18,2.3382e-12,1.6426e-16,6.0111e-15
0.00018555,1.2743e-05,4.6424e-06,1.4076e-08,3.3992e-06,1.8476e-06,1.9142e-05,0.0021544,3.8988e-18,2.3022e-12,1.629e-16,5.9615e-15
0.00018491,1.2547e-05,4.6064e-06,1.4078e-08,3.3922e-06,1.8342e-06,1.9183e-05,0.0021534,3.8696e-18,2.2666e-12,1.6155e-16,5.9123e-15
0.00018427,1.2353e-05,4.5707e-06,1.4081e-08,3.3852e-06,1.821e-06,1.9223e-05,0.0021525,3.8413e-18,2.2312e-12,1.6023e-16,5.8637e-15
0.00018365,1.2161e-05,4.5352e-06,1.4083e-08,3.378e-06,1.8078e-06,1.9263e-05,0.0021516,3.8138e-18,2.1962e-12,1.5891e-16,5.8157e-15
0.00018303,1.197e-05,4.4999e-06,1.4084e-08,3.3707e-06,1.7948e-06,1.9303e-05,0.0021508,3.7872e-18,2.1614e-12,1.5761e-16,5.7681e-15
0.00018242,1.178e-05,4.4649e-06,1.4086e-08,3.3634e-06,1.7818e-06,1.9343e-05,0.0021499,3.7614e-18,2.127e-12,1.5633e-16,5.7211e-15
0.00018183,1.1592e-05,4.4302e-06,1.4088e-08,3.3559e-06,1.769e-06,1.9382e-05,0.002149,3.7364e-18,2.0928e-12,1.5506e-16,5.6746e-15
0.00018124,1.1405e-05,4.3957e-06,1.4089e-08,3.3483e-06,1.7563e-06,1.9421e-05,0.0021482,3.7122e-18,2.059e-12,1.538e-16,5.6286e-15
0.00018067,1.1219e-05,4.3615e-06,1.409e-08,3.3406e-06,1.7437e-06,1.946e-05,0.0021474,3.6887e-18,2.0255e-12,1.5255e-16,5.5831e-15
0.0001801,1.1035e-05,4.3275e-06,1.4092e-08,3.3327e-06,1.7312e-06,1.9498e-05,0.0021465,3.666e-18,1.9923e-12,1.5132e-16,5.5381e-15
0.00017954,1.0853e-05,4.2938e-06,1.4092e-08,3.3248e-06,1.7188e-06,1.9536e-05,0.0021457,3.6439e-18,1.9594e-12,1.5011e-16,5.4936e-15
0.00017899,1.0672e-05,4.2603e-06,1.4093e-08,3.3166e-06,1.7065e-06,1.9574e-05,0.0021449,3.6225e-18,1.9269e-12,1.489e-16,5.4496e-15
0.00017846,1.0492e-05,4.2271e-06,1.4094e-08,3.3084e-06,1.6943e-06,1.9612e-05,0.0021441,3.6018e-18,1.8946e-12,1.4771e-16,5.406e-15
0.00017793,1.0314e-05,4.1941e-06,1.4095e-08,3.2999e-06,1.6822e-06,1.9649e-05,0.0021434,3.5818e-18,1.8627e-12,1.4653e-16,5.3629e-15
0.00017741,1.0138e-05,4.1613e-06,1.4095e-08,3.2914e-06,1.6703e-06,1.9686e-05,0.0021426,3.5623e-18,1.8311e-12,1.4537e-16,5.3203e-15
0.0001769,9.9626e-06,4.1288e-06,1.4095e-08,3.2826e-06,1.6584e-06,1.9723e-05,0.0021418,3.5434e-18,1.7998e-12,1.4422e-16,5.2782e-15
0.0001764,9.7891e-06,4.0966e-06,1.4095e-08,3.2737e-06,1.6466e-06,1.976e-05,0.0021411,3.5252e-18,1.7689e-12,1.4308e-16,5.2365e-15
0.0001759,9.617e-06,4.0646e-06,1.4095e-08,3.2646e-06,1.6349e-06,1.9796e-05,0.0021404,3.5075e-18,1.7383e-12,1.4195e-16,5.1952e-15
0.00017542,9.4465e-06,4.0328e-06,1.4095e-08,3.2554e-06,1.6233e-06,1.9832e-05,0.0021397,3.4903e-18,1.708e-12,1.4083e-16,5.1544e-15
0.00017494,9.2775e-06,4.0012e-06,1.4094e-08,3.2459e-06,1.6118e-06,1.9868e-05,0.0021389,3.4737e-18,1.678e-12,1.3973e-16,5.114e-15
0.00017448,9.11e-06,3.9699e-06,1.4094e-08,3.2363e-06,1.6004e-06,1.9904e-05,0.0021382,3.4576e-18,1.6483e-12,1.3864e-16,5.074e-15
0.00017402,8.944e-06,3.9388e-06,1.4093e-08,3.2264e-06,1.5891e-06,1.9939e-05,0.0021376,3.4419e-18,1.619e-12,1.3756e-16,5.0345e-15
0.00017357,8.7797e-06,3.908e-06,1.4092e-08,3.2164e-06,1.5779e-06,1.9974e-05,0.0021369,3.4268e-18,1.59e-12,1.3649e-16,4.9954e-15
0.00017313,8.6168e-06,3.8774e-06,1.4091e-08,3.2062e-06,1.5668e-06,2.0009e-05,0.0021362,3.4122e-18,1.5614e-12,1.3543e-16,4.9567e-15
0.0001727,8.4556e-06,3.847e-06,1.409e-08,3.1957e-06,1.5558e-06,2.0044e-05,0.0021356,3.3979e-18,1.533e-12,1.3438e-16,4.9185e-15
0.00017227,8.2959e-06,3.8168e-06,1.4089e-08,3.185e-06,1.5449e-06,2.0078e-05,0.0021349,3.3842e-18,1.505e-12,1.3335e-16,4.8806e-15
0.00017186,8.1378e-06,3.7869e-06,1.4087e-08,3.1742e-06,1.5341e-06,2.0112e-05,0.0021343,3.3708e-18,1.4774e-12,1.3232e-16,4.8431e-15
0.00017145,7.9812e-06,3.7572e-06,1.4085e-08,3.163e-06,1.5234e-06,2.0146e-05,0.0021336,3.3579e-18,1.45e-12,1.3131e-16,4.8061e-15
0.00017105,7.8263e-06,3.7277e-06,1.4083e-08,3.1517e-06,1.5127e-06,2.018e-05,0.002133,3.3454e-18,1.423e-12,1.3031e-16,4.7694e-15
0.00017066,7.673e-06,3.6985e-06,1.4081e-08,3.1401e-06,1.5022e-06,2.0213e-05,0.0021324,3.3333e-18,1.3964e-12,1.2932e-16,4.7331e-15
0.00017027,7.5213e-06,3.6695e-06,1.4079e-08,3.1283e-06,1.4917e-06,2.0247e-05,0.0021318,3.3215e-18,1.37e-12,1.2833e-16,4.6972e-15
0.00016989,7.3712e-06,3.6407e-06,1.4076e-08,3.1162e-06,1.4814e-06,2.028e-05,0.0021312,3.3101e-18,1.344e-12,1.2736e-16,4.6617e-15
0.00016953,7.2228e-06,3.6121e-06,1.4074e-08,3.1039e-06,1.4711e-06,2.0312e-05,0.0021307,3.2991e-18,1.3183e-12,1.264e-16,4.6265e-15
0.00016916,7.076e-06,3.5837e-06,1.4071e-08,3.0913e-06,1.4609e-06,2.0345e-05,0.0021301,3.2884e-18,1.293e-12,1.2545e-16,4.5918e-15
0.00016881,6.9308e-06,3.5555e-06,1.4068e-08,3.0785e-06,1.4508e-06,2.0377e-05,0.0021295,3.2781e-18,1.2679e-12,1.2451e-16,4.5573e-15
0.00016846,6.7873e-06,3.5276e-06,1.4065e-08,3.0654e-06,1.4408e-06,2.0409e-05,0.002129,3.268e-18,1.2433e-12,1.2358e-16,4.5233e-15
0.00016812,6.6454e-06,3.4999e-06,1.4061e-08,3.0521e-06,1.4308e-06,2.0441e-05,0.0021284,3.2583e-18,1.2189e-12,1.2266e-16,4.4896e-15
0.00016779,6.5052e-06,3.4724e-06,1.4057e-08,3.0385e-06,1.421e-06,2.0473e-05,0.0021279,3.2489e-18,1.1948e-12,1.2175e-16,4.4562e-15
0.00016747,6.3667e-06,3.4451e-06,1.4054e-08,3.0246e-06,1.4112e-06,2.0504e-05,0.0021274,3.2398e-18,1.1711e-12,1.2084e-16,4.4232e-15
0.00016715,6.2299e-06,3.418e-06,1.405e-08,3.0104e-06,1.4016e-06,2.0536e-05,0.0021269,3.231e-18,1.1477e-12,1.1995e-16,4.3906e-15
0.00016684,6.0947e-06,3.3911e-06,1.4045e-08,2.9959e-06,1.392e-06,2.0567e-05,0.0021264,3.2224e-18,1.1247e-12,1.1907e-16,4.3582e-15
0.00016653,5.9612e-06,3.3645e-06,1.4041e-08,2.9812e-06,1.3825e-06,2.0598e-05,0.0021259,3.2141e-18,1.1019e-12,1.1819e-16,4.3262e-15
0.00016623,5.8295e-06,3.338e-06,1.4036e-08,2.9662e-06,1.373e-06,2.0628e-05,0.0021254,3.2061e-18,1.0795e-12,1.1733e-16,4.2946e-15
0.00016594,5.6994e-06,3.3117e-06,1.4031e-08,2.9509e-06,1.3637e-06,2.0659e-05,0.0021249,3.1983e-18,1.0574e-12,1.1647e-16,4.2633e-15
0.00016566,5.571e-06,3.2857e-06,1.4026e-08,2.9353e-06,1.3544e-06,2.0689e-05,0.0021244,3.1908e-18,1.0356e-12,1.1562e-16,4.2323e-15
0.00016538,5.4444e-06,3.2598e-06,1.4021e-08,2.9194e-06,1.3452e-06,2.0719e-05,0.002124,3.1835e-18,1.0142e-12,1.1478e-16,4.2016e-15
0.0001651,5.3195e-06,3.2342e-06,1.4016e-08,2.9032e-06,1.3361e-06,2.0749e-05,0.0021235,3.1765e-18,9.9303e-13,1.1395e-16,4.1712e-15
0.00016484,5.1963e-06,3.2088e-06,1.401e-08,2.8867e-06,1.3271e-06,2.0778e-05,0.0021231,3.1696e-18,9.722e-13,1.1313e-16,4.1412e-15
0.00016458,5.0748e-06,3.1835e-06,1.4004e-08,2.8699e-06,1.3182e-06,2.0808e-05,0.0021226,3.163e-18,9.5169e-13,1.1232e-16,4.1114e-15
0.00016433,4.955e-06,3.1585e-06,1.3998e-08,2.8528e-06,1.3093e-06,2.0837e-05,0.0021222,3.1566e-18,9.3148e-13,1.1151e-16,4.082e-15
0.00016408,4.837e-06,3.1336e-06,1.3991e-08,2.8355e-06,1.3005e-06,2.0866e-05,0.0021218,3.1504e-18,9.1159e-13,1.1072e-16,4.0528e-15
0.00016384,4.7207e-06,3.109e-06,1.3985e-08,2.8178e-06,1.2918e-06,2.0895e-05,0.0021214,3.1444e-18,8.9201e-13,1.0993e-16,4.024e-15
0.0001636,4.6061e-06,3.0845e-06,1.3978e-08,2.7998e-06,1.2831e-06,2.0924e-05,0.002121,3.1386e-18,8.7273e-13,1.0915e-16,3.9954e-15
0.00016337,4.4933e-06,3.0603e-06,1.3971e-08,2.7815e-06,1.2746e-06,2.0952e-05,0.0021206,3.133e-18,8.5376e-13,1.0838e-16,3.9672e-15
0.00016314,4.3823e-06,3.0362e-06,1.3963e-08,2.7629e-06,1.2661e-06,2.098e-05,0.0021202,3.1275e-18,8.3509e-13,1.0761e-16,3.9392e-15
0.00016292,4.2729e-06,3.0123e-06,1.3956e-08,2.744e-06,1.2577e-06,2.1008e-05,0.0021198,3.1223e-18,8.1672e-13,1.0685e-16,3.9115e-15
0.00016271,4.1653e-06,2.9886e-06,1.3948e-08,2.7248e-06,1.2493e-06,2.1036e-05,0.0021194,3.1172e-18,7.9865e-13,1.0611e-16,3.8841e-15
0.0001625,4.0595e-06,2.9651e-06,1.394e-08,2.7054e-06,1.2411e-06,2.1064e-05,0.002119,3.1122e-18,7.8087e-13,1.0536e-16,3.857e-15
0.0001623,3.9554e-06,2.9418e-06,1.3931e-08,2.6856e-06,1.2329e-06,2.1092e-05,0.0021187,3.1074e-18,7.634e-13,1.0463e-16,3.8302e-15
0.0001621,3.853e-06,2.9187e-06,1.3922e-08,2.6655e-06,1.2247e-06,2.1119e-05,0.0021183,3.1028e-18,7.4621e-13,1.039e-16,3.8036e-15
0.00016191,3.7524e-06,2.8957e-06,1.3914e-08,2.6451e-06,1.2167e-06,2.1146e-05,0.002118,3.0984e-18,7.2931e-13,1.0318e-16,3.7773e-15
0.00016172,3.6535e-06,2.873e-06,1.3904e-08,2.6244e-06,1.2087e-06,2.1173e-05,0.0021176,3.094e-18,7.127e-13,1.0247e-16,3.7512e-15
0.00016154,3.5564e-06,2.8504e-06,1.3895e-08,2.6035e-06,1.2008e-06,2.12e-05,0.0021173,3.0898e-18,6.9638e-13,1.0177e-16,3.7254e-15
0.00016136,3.4609e-06,2.828e-06,1.3885e-08,2.5822e-06,1.1929e-06,2.1227e-05,0.002117,3.0858e-18,6.8034e-13,1.0107e-16,3.6999e-15
0.00016118,3.3672e-06,2.8058e-06,1.3875e-08,2.5607e-06,1.1851e-06,2.1253e-05,0.0021166,3.0819e-18,6.6458e-13,1.0038e-16,3.6747e-15
0.00016101,3.2753e-06,2.7838e-06,1.3865e-08,2.5389e-06,1.1774e-06,2.128e-05,0.0021163,3.0781e-18,6.491e-13,9.9695e-17,3.6496e-15
0.00016085,3.185e-06,2.762e-06,1.3854e-08,2.5168e-06,1.1698e-06,2.1306e-05,0.002116,3.0744e-18,6.3389e-13,9.9018e-17,3.6249e-15
0.00016069,3.0965e-06,2.7403e-06,1.3844e-08,2.4945e-06,1.1622e-06,2.1332e-05,0.0021157,3.0709e-18,6.1895e-13,9.8347e-17,3.6004e-15
0.00016053,3.0096e-06,2.7188e-06,1.3833e-08,2.4719e-06,1.1547e-06,2.1358e-05,0.0021154,3.0674e-18,6.0429e-13,9.7684e-17,3.5761e-15
0.00016038,2.9245e-06,2.6975e-06,1.3821e-08,2.449e-06,1.1472e-06,2.1384e-05,0.0021151,3.0641e-18,5.899e-13,9.7027e-17,3.5521e-15
0.00016024,2.8411e-06,2.6763e-06,1.3809e-08,2.4258e-06,1.1398e-06,2.1409e-05,0.0021148,3.0609e-18,5.7576e-13,9.6376e-17,3.5283e-15
0.00016009,2.7593e-06,2.6554e-06,1.3797e-08,2.4024e-06,1.1325e-06,2.1435e-05,0.0021146,3.0578e-18,5.619e-13,9.5732e-17,3.5047e-15
0.00015995,2.6792e-06,2.6346e-06,1.3785e-08,2.3788e-06,1.1253e-06,2.146e-05,0.0021143,3.0548e-18,5.4829e-13,9.5095e-17,3.4814e-15
0.00015982,2.6008e-06,2.6139e-06,1.3773e-08,2.3549e-06,1.1181e-06,2.1485e-05,0.002114,3.0519e-18,5.3493e-13,9.4464e-17,3.4583e-15
0.00015969,2.524e-06,2.5935e-06,1.376e-08,2.3308e-06,1.111e-06,2.151e-05,0.0021138,3.0491e-18,5.2184e-13,9.3839e-17,3.4354e-15
0.00015956,2.4489e-06,2.5732e-06,1.3746e-08,2.3065e-06,1.1039e-06,2.1535e-05,0.0021135,3.0464e-18,5.0899e-13,9.322e-17,3.4128e-15
0.00015944,2.3755e-06,2.5531e-06,1.3733e-08,2.2819e-06,1.0969e-06,2.1559e-05,0.0021132,3.0438e-18,4.9639e-13,9.2607e-17,3.3904e-15
0.00015932,2.3036e-06,2.5331e-06,1.3719e-08,2.2572e-06,1.0899e-06,2.1584e-05,0.002113,3.0413e-18,4.8404e-13,9.2e-17,3.3682e-15
0.0001592,2.2334e-06,2.5133e-06,1.3705e-08,2.2322e-06,1.0831e-06,2.1608e-05,0.0021128,3.0388e-18,4.7193e-13,9.14e-17,3.3462e-15
0.00015909,2.1647e-06,2.4937e-06,1.3691e-08,2.207e-06,1.0762e-06,2.1632e-05,0.0021125,3.0365e-18,4.6006e-13,9.0805e-17,3.3245e-15
0.00015898,2.0977e-06,2.4743e-06,1.3676e-08,2.1817e-06,1.0695e-06,2.1656e-05,0.0021123,3.0342e-18,4.4842e-13,9.0216e-17,3.3029e-15
0.00015887,2.0322e-06,2.455e-06,1.3661e-08,2.1561e-06,1.0628e-06,2.168e-05,0.0021121,3.032e-18,4.3702e-13,8.9633e-17,3.2816e-15
0.00015877,1.9683e-06,2.4358e-06,1.3645e-08,2.1304e-06,1.0561e-06,2.1704e-05,0.0021119,3.0299e-18,4.2586e-13,8.9055e-17,3.2604e-15
0.00015867,1.9059e-06,2.4169e-06,1.363e-08,2.1046e-06,1.0495e-06,2.1727e-05,0.0021116,3.0279e-18,4.1492e-13,8.8483e-17,3.2395e-15
0.00015857,1.8451e-06,2.398e-06,1.3613e-08,2.0785e-06,1.043e-06,2.1751e-05,0.0021114,3.0259e-18,4.042e-13,8.7917e-17,3.2188e-15
0.00015848,1.7858e-06,2.3794e-06,1.3597e-08,2.0524e-06,1.0365e-06,2.1774e-05,0.0021112,3.024e-18,3.9371e-13,8.7356e-17,3.1983e-15
0.00015839,1.7279e-06,2.3609e-06,1.358e-08,2.0261e-06,1.0301e-06,2.1797e-05,0.002111,3.0221e-18,3.8343e-13,8.68e-17,3.178e-15
0.0001583,1.6716e-06,2.3426e-06,1.3563e-08,1.9997e-06,1.0238e-06,2.182e-05,0.0021108,3.0204e-18,3.7338e-13,8.625e-17,3.1579e-15
0.00015821,1.6167e-06,2.3244e-06,1.3546e-08,1.9732e-06,1.0174e-06,2.1843e-05,0.0021106,3.0187e-18,3.6353e-13,8.5706e-17,3.1379e-15
0.00015813,1.5632e-06,2.3063e-06,1.3528e-08,1.9465e-06,1.0112e-06,2.1866e-05,0.0021104,3.017e-18,3.539e-13,8.5166e-17,3.1182e-15
0.00015805,1.5112e-06,2.2885e-06,1.351e-08,1.9198e-06,1.005e-06,2.1888e-05,0.0021103,3.0154e-18,3.4448e-13,8.4632e-17,3.0987e-15
0.00015797,1.4606e-06,2.2707e-06,1.3492e-08,1.893e-06,9.9886e-07,2.1911e-05,0.0021101,3.0139e-18,3.3525e-13,8.4103e-17,3.0793e-15
0.0001579,1.4113e-06,2.2532e-06,1.3473e-08,1.8661e-06,9.9277e-07,2.1933e-05,0.0021099,3.0124e-18,3.2623e-13,8.3579e-17,3.0601e-15
0.00015783,1.3635e-06,2.2357e-06,1.3454e-08,1.8392e-06,9.8673e-07,2.1955e-05,0.0021097,3.011e-18,3.1741e-13,8.306e-17,3.0412e-15
0.00015776,1.3169e-06,2.2185e-06,1.3434e-08,1.8122e-06,9.8075e-07,2.1978e-05,0.0021096,3.0096e-18,3.0879e-13,8.2546e-17,3.0224e-15
0.00015769,1.2717e-06,2.2014e-06,1.3415e-08,1.7852e-06,9.7482e-07,2.1999e-05,0.0021094,3.0083e-18,3.0036e-13,8.2037e-17,3.0037e-15
0.00015762,1.2279e-06,2.1844e-06,1.3394e-08,1.7582e-06,9.6894e-07,2.2021e-05,0.0021092,3.0071e-18,2.9211e-13,8.1533e-17,2.9853e-15
0.00015756,1.1852e-06,2.1675e-06,1.3374e-08,1.7311e-06,9.6312e-07,2.2043e-05,0.0021091,3.0058e-18,2.8406e-13,8.1034e-17,2.967e-15
0.0001575,1.1439e-06,2.1509e-06,1.3353e-08,1.7041e-06,9.5734e-07,2.2065e-05,0.0021089,3.0047e-18,2.7618e-13,8.0539e-17,2.9489e-15
0.00015744,1.1038e-06,2.1343e-06,1.3332e-08,1.677e-06,9.5161e-07,2.2086e-05,0.0021088,3.0035e-18,2.6849e-13,8.0049e-17,2.931e-15
0.00015738,1.0649e-06,2.1179e-06,1.331e-08,1.65e-06,9.4594e-07,2.2107e-05,0.0021086,3.0024e-18,2.6098e-13,7.9564e-17,2.9133e-15
0.00015733,1.0272e-06,2.1017e-06,1.3289e-08,1.623e-06,9.4031e-07,2.2129e-05,0.0021085,3.0014e-18,2.5364e-13,7.9084e-17,2.8957e-15
0.00015728,9.9072e-07,2.0856e-06,1.3266e-08,1.5961e-06,9.3473e-07,2.215e-05,0.0021084,3.0004e-18,2.4647e-13,7.8608e-17,2.8783e-15
0.00015722,9.5536e-07,2.0696e-06,1.3244e-08,1.5692e-06,9.292e-07,2.2171e-05,0.0021082,2.9994e-18,2.3947e-13,7.8136e-17,2.861e-15
0.00015717,9.2113e-07,2.0538e-06,1.3221e-08,1.5423e-06,9.2372e-07,2.2191e-05,0.0021081,2.9985e-18,2.3264e-13,7.7669e-17,2.8439e-15
0.00015713,8.88e-07,2.0381e-06,1.3198e-08,1.5156e-06,9.1829e-07,2.2212e-05,0.002108,2.9976e-18,2.2598e-13,7.7206e-17,2.827e-15
0.00015708,8.5596e-07,2.0225e-06,1.3174e-08,1.4889e-06,9.129e-07,2.2233e-05,0.0021078,2.9968e-18,2.1947e-13,7.6748e-17,2.8103e-15
0.00015704,8.2498e-07,2.0071e-06,1.315e-08,1.4624e-06,9.0756e-07,2.2253e-05,0.0021077,2.996e-18,2.1312e-13,7.6294e-17,2.7936e-15
0.00015699,7.9504e-07,1.9918e-06,1.3126e-08,1.4359e-06,9.0227e-07,2.2274e-05,0.0021076,2.9952e-18,2.0693e-13,7.5844e-17,2.7772e-15
0.00015695,7.6611e-07,1.9767e-06,1.3101e-08,1.4096e-06,8.9702e-07,2.2294e-05,0.0021075,2.9945e-18,2.0088e-13,7.5399e-17,2.7609e-15
0.00015691,7.3817e-07,1.9617e-06,1.3077e-08,1.3834e-06,8.9182e-07,2.2314e-05,0.0021074,2.9937e-18,1.9499e-13,7.4958e-17,2.7448e-15
